goemon16, 11123857_421340401358853_1428368626_n.jpg
goemon16, 11260423_434318533408994_899302594_n.jpg
goemon16, 11176081_1577500812522004_1437853797_n.jpg
goemon16, 10808481_455128061330181_1074074503_n.jpg
goemon16, 11111368_1421576461484779_1190621687_n.jpg
goemon16, 1538511_1646593505569037_1288628471_n.jpg
goemon16, 11142965_852946521444218_1433814482_n.jpg
goemon16, 11123757_1619347398289191_660051105_n.jpg
goemon16, 11142193_1642517219316636_929955113_n.jpg
goemon16, 10547246_939680252713964_1851589581_n.jpg
hamilton_the_hipster_cat, 11093132_880336048689399_719779493_n.jpg
hamilton_the_hipster_cat, 10860020_326783987508695_1578437766_n.jpg
hamilton_the_hipster_cat, 10684165_777326862313483_1104512121_n.jpg
hamilton_the_hipster_cat, 10251336_1416642051930685_147304605_n.jpg
hamilton_the_hipster_cat, 11848854_502150493288450_1682259121_n.jpg
hamilton_the_hipster_cat, 10560989_696200010455006_325451072_n.jpg
hamilton_the_hipster_cat, 11881724_1481498115487168_1221946920_n.jpg
hamilton_the_hipster_cat, 12545340_1686942958210725_303112670_n.jpg
hamilton_the_hipster_cat, 1530720_438571279634495_1851043509_n.jpg
hamilton_the_hipster_cat, 11357532_1596172150666065_2097663066_n.jpg
tardthegrumpycat, 11248106_1407802249546972_866479629_n.jpg
tardthegrumpycat, 11313783_387127821488452_863425154_n.jpg
tardthegrumpycat, 11269682_681845758610441_1362566494_n.jpg
tardthegrumpycat, 11327039_920766854654709_392407679_n.jpg
tardthegrumpycat, 11245654_1659709457583475_485640046_n.jpg
tardthegrumpycat, 11324422_1438156973168950_180201675_n.jpg
tardthegrumpycat, 11226844_1579696442313900_1062312407_n.jpg
tardthegrumpycat, 11252376_402382943277036_792359287_n.jpg
tardthegrumpycat, 11272987_993342244018578_94790326_n.jpg
tardthegrumpycat, 11249262_1603117786600498_938433908_n.jpg
winstonsmushface, 12230966_193910130948725_1133206946_n.jpg
winstonsmushface, 11906279_827692957351600_473925852_n.jpg
winstonsmushface, 12145478_174274099581220_349070738_n.jpg
winstonsmushface, 12298871_1014493955260641_1395259849_n.jpg
winstonsmushface, 11375154_898287420255019_505895219_n.jpg
winstonsmushface, 11380220_844624028948546_685309560_n.jpg
winstonsmushface, 12568325_1661637224118597_823379635_n.jpg
winstonsmushface, 11078889_394821300697875_660666445_n.jpg
winstonsmushface, 11377485_1584897465106931_1303936586_n.jpg
winstonsmushface, 11939494_1088704654496437_1243580661_n.jpg
leonliu, 11202517_357159814484716_1941258066_n.jpg
leonliu, 11190978_827113870697171_1376182434_n.jpg
leonliu, 11351014_1407833132879439_1452621788_n.jpg
leonliu, 11184641_839365646143193_628265284_n.jpg
leonliu, 11189574_1380040762297481_462914533_n.jpg
leonliu, 10684041_289461264590192_604052359_n.jpg
leonliu, 12519344_1662890010649469_1594190007_n.jpg
leonliu, 11189734_344382242424899_268600342_n.jpg
leonliu, 11186947_1587161721530432_1602262580_n.jpg
leonliu, 11191043_1075447069137415_168091894_n.jpg
necokat, 11123753_936387073052515_1329706839_n.jpg
necokat, 11190977_1382724162058456_1890800956_n.jpg
necokat, 11208072_427749290724909_1727675355_n.jpg
necokat, 10914149_857154577686402_243083800_n.jpg
necokat, 11176328_587224671380549_893967529_n.jpg
necokat, 11201776_668538193276520_984689444_n.jpg
necokat, 11186906_378343619024045_1657084212_n.jpg
necokat, 11199502_830033790410320_1145651732_n.jpg
necokat, 11137869_817225831665050_1015117448_n.jpg
necokat, 11111464_1636578503227822_1981140967_n.jpg
bigkittyklaus, 11203324_1581434975449567_1403421828_n.jpg
bigkittyklaus, 11189267_423494374495083_1357559775_n.jpg
bigkittyklaus, 11327118_115329335465998_986987115_n.jpg
bigkittyklaus, 11821761_1682592618641056_263819752_a.jpg
bigkittyklaus, 11205811_1628187600746789_731565272_n.jpg
bigkittyklaus, 11226670_415491515302791_222365629_n.jpg
bigkittyklaus, 11208090_360404340827844_1274346112_n.jpg
bigkittyklaus, 11195713_1610091579206161_1707041278_n.jpg
bigkittyklaus, 11195817_1573886442883757_19746101_n.jpg
bigkittyklaus, 11260595_838723266192893_1025947454_n.jpg
wa_sabi, 11189488_528256550645682_1117055758_n.jpg
wa_sabi, 11137899_496501713840021_1082736146_n.jpg
wa_sabi, 11189294_1436807696619283_371785390_n.jpg
wa_sabi, 11176498_1051641258198929_1035648749_n.jpg
wa_sabi, 11208390_859807004065307_1121710962_n.jpg
wa_sabi, 11190185_460662307425716_120464079_n.jpg
wa_sabi, 11176015_390484094469886_2114532016_n.jpg
wa_sabi, 11226827_751207928325274_1655509431_n.jpg
wa_sabi, 11176088_933027006717546_1473021652_n.jpg
wa_sabi, 11191492_1395714690752859_1885393914_n.jpg
iamlilbub, 12142203_511472625678410_222619619_n.jpg
iamlilbub, 11850389_469081963300239_1953886524_n.jpg
iamlilbub, 11351835_1586503058274476_1506805110_n.jpg
iamlilbub, 1389426_597601986942693_1145543296_n.jpg
iamlilbub, 11377487_1603320279940698_1629899667_n.jpg
iamlilbub, 11192593_752492458201253_1652059427_n.jpg
iamlilbub, 11189257_846151402130675_319192111_n.jpg
iamlilbub, 10995186_687873531323151_894519130_n.jpg
iamlilbub, 1661739_1438768739691508_233926905_n.jpg
iamlilbub, 12331917_1007204719345234_520844619_n.jpg
samhaseyebrows, 11258549_976900392350259_1827287707_n.jpg
samhaseyebrows, 1389613_600532273350619_456429965_n.jpg
samhaseyebrows, 11208289_943814668996532_2041214183_n.jpg
samhaseyebrows, 11199566_978299085536970_1692975029_n.jpg
samhaseyebrows, 12107423_201038680228192_719867076_n.jpg
samhaseyebrows, 12446059_687949377974155_1602893546_n.jpg
samhaseyebrows, 10431839_722656407795675_497156672_n.jpg
samhaseyebrows, 11850414_518796044937214_1308822315_n.jpg
samhaseyebrows, 11419142_384603525077766_83047625_n.jpg
samhaseyebrows, 11049268_687124364730903_1411942120_n.jpg
princessmonstertruck, 11351540_1621455478072321_953522019_n.jpg
princessmonstertruck, 12716874_210999822585905_596279924_n.jpg
princessmonstertruck, 1389474_1432494736965231_1510117243_n.jpg
princessmonstertruck, 10623953_300519233484312_747838632_n.jpg
princessmonstertruck, 10311173_737640179614267_636399927_n.jpg
princessmonstertruck, 10601955_1465549670401050_559635103_n.jpg
princessmonstertruck, 10990581_381151878723456_36427706_n.jpg
princessmonstertruck, 10785038_372344432936517_17948002_n.jpg
princessmonstertruck, 1172965_527218010685903_76569119_n.jpg
princessmonstertruck, 11272955_783744931723289_2127016243_n.jpg
emonemon, 1516905_1402259313384232_109705381_n.jpg
emonemon, 11192665_1167790166569497_1109633138_n.jpg
emonemon, 11101996_653744141435763_289397793_n.jpg
emonemon, 11208014_698687510276833_1201654857_n.jpg
emonemon, 12798065_1593169111008216_76534313_n.jpg
emonemon, 1742711_1657234234496405_1965422222_n.jpg
emonemon, 11253612_974849802535895_169743631_n.jpg
emonemon, 11378744_1655869154635329_11970450_n.jpg
emonemon, 1168810_738769139484507_66175600_n.jpg
emonemon, 11324511_1625018231045411_1447724191_n.jpg
realgrumpycat, 10802651_362479000579013_1240566569_n.jpg
realgrumpycat, 11358203_1453239164989170_1824155440_n.jpg
realgrumpycat, 10584627_1397943260430650_1644695517_n.jpg
realgrumpycat, 11351643_817260398358874_2097657459_n.jpg
realgrumpycat, 1660619_1708261566110047_1339933794_n.jpg
realgrumpycat, 12797985_1754597618090557_1360129209_n.jpg
realgrumpycat, 12142532_1480439298925247_1731042273_n.jpg
realgrumpycat, 10963867_1595566453990084_1811041674_n.jpg
realgrumpycat, 10784935_465249736940046_636615250_n.jpg
realgrumpycat, 11357417_971307739593639_399862312_n.jpg
sakuracos, 10729264_1480605405562381_834459250_n.jpg
sakuracos, 917214_1476102639320902_773126254_n.jpg
sakuracos, 11176361_632023583608561_1880238539_n.jpg
sakuracos, 10724005_390959791052721_1159951497_n.jpg
sakuracos, 12331732_721427644655438_694170407_n.jpg
sakuracos, 926562_736534989750812_1685072341_n.jpg
sakuracos, 1169126_604426036269969_2107375551_n.jpg
sakuracos, 11189566_952327184802245_1864414554_n.jpg
sakuracos, 11190224_817918831636392_1768393147_n.jpg
sakuracos, 11184489_1747084408851185_959625709_n.jpg
mayrilyn, 11189126_683606741743686_139452005_n.jpg
mayrilyn, 11195873_967475059953944_1416691478_n.jpg
mayrilyn, 11273098_896499390410760_77844977_n.jpg
mayrilyn, 11259957_388751877987019_926186167_n.jpg
mayrilyn, 11142743_667661733380467_1580460686_n.jpg
mayrilyn, 11326202_864664240271498_805872324_n.jpg
mayrilyn, 11189905_1608676649376282_838723962_n.jpg
mayrilyn, 11195617_1580319305561787_672799370_n.jpg
mayrilyn, 11230552_447926778707742_312637002_n.jpg
mayrilyn, 11258857_476185899206877_760370008_n.jpg
richard_kitty, 1517084_750496198348977_443934429_n.jpg
richard_kitty, 1517211_251600438349626_1997532269_n.jpg
richard_kitty, 11246515_1609177762699677_1380729190_n.jpg
richard_kitty, 10809032_569723979838813_1433553198_n.jpg
richard_kitty, 10475110_659919950758155_732649235_n.jpg
richard_kitty, 12353833_777899015650118_703614421_n.jpg
richard_kitty, 11372212_1000687236623027_1437095149_n.jpg
richard_kitty, 11355758_1453374211639330_1203777158_n.jpg
richard_kitty, 11241725_724636477645307_2130027831_n.jpg
richard_kitty, 11326182_1662582243970150_2028331535_n.jpg
makicocomo, 11123785_1579865618954095_788106722_n.jpg
makicocomo, 11326208_156511288019124_318589787_n.jpg
makicocomo, 11184713_372238346305270_1704738028_n.jpg
makicocomo, 10986187_817820491622849_1301104836_n.jpg
makicocomo, 11208240_737321976384921_1353150006_n.jpg
makicocomo, 10467800_787088887988707_952365133_n.jpg
makicocomo, 12424903_930131937107615_1710119896_n.jpg
makicocomo, 11191137_668322973296352_11721292_n.jpg
makicocomo, 11376153_660151404118816_1195075100_n.jpg
makicocomo, 11116827_960698927275984_157217357_n.jpg
loki_kitteh, 11355968_787215051396486_1593476278_n.jpg
loki_kitteh, 10986191_1537201756544438_253997673_n.jpg
loki_kitteh, 11142852_1589030661355493_2028567367_n.jpg
loki_kitteh, 11032912_538875809587344_94962884_n.jpg
loki_kitteh, 11357468_1579783218976535_1017180444_n.jpg
loki_kitteh, 11008267_666322483511968_310223709_n.jpg
loki_kitteh, 10953588_742307082549873_1389790330_n.jpg
loki_kitteh, 11910474_1645884825680530_1907611041_n.jpg
loki_kitteh, 10957239_202382380131235_2145649497_n.jpg
loki_kitteh, 11363799_907402759336050_476311629_n.jpg
_bebethecat_, 10311271_333814310106063_1830806055_n.jpg
_bebethecat_, 11190795_1610560042493150_450178514_n.jpg
_bebethecat_, 1169066_182031648665739_1184266744_n.jpg
_bebethecat_, 11190163_816646285090976_1136960909_n.jpg
_bebethecat_, 10890531_402713553234932_444979559_n.jpg
_bebethecat_, 10453817_512453155547332_1385293812_n.jpg
_bebethecat_, 10881958_771503876259360_120422582_n.jpg
_bebethecat_, 11243867_879575368752891_445395741_n.jpg
_bebethecat_, 11208052_907893219273798_1871448111_n.jpg
_bebethecat_, 11199536_460178500805293_1723593194_n.jpg
pudgethecat, 10375854_851385534891580_1219002047_n.jpg
pudgethecat, 1742272_627361400659177_115319898_n.jpg
pudgethecat, 11910372_1619383251662679_408907563_n.jpg
pudgethecat, 11205944_1634729530095799_1712686978_n.jpg
pudgethecat, 11123927_1626200030943525_1898913559_n.jpg
pudgethecat, 11205869_1441571312807984_1983893088_n.jpg
pudgethecat, 11244982_815633781852178_1652730370_n.jpg
pudgethecat, 10706955_381603691987298_414219575_n.jpg
pudgethecat, 10852941_960390170656842_323053167_n.jpg
pudgethecat, 11191274_286006964856621_245932480_n.jpg
tomochunba, 12256893_1706349842929533_1773922647_n.jpg
tomochunba, 11189290_1436201576675866_721681088_n.jpg
tomochunba, 10009369_540752239423253_1558272264_n.jpg
tomochunba, 11249926_377724255766793_6569047_n.jpg
tomochunba, 12717034_980585898684075_1583555594_n.jpg
tomochunba, 11899558_1071878119490863_1713051126_n.jpg
tomochunba, 11353123_859933267375211_197184888_n.jpg
tomochunba, 12093281_1687109401524111_1025495270_n.jpg
tomochunba, 11428358_751765508267764_543800138_n.jpg
tomochunba, 11142958_1425740254398893_1023056435_n.jpg
snoopybabe, 11190760_1591459101129749_1950497108_n.jpg
snoopybabe, 11098637_362327090639863_1663887804_n.jpg
snoopybabe, 12717058_1501438280165869_2068978952_n.jpg
snoopybabe, 11137870_1417691888547533_1086516986_n.jpg
snoopybabe, 11142930_1646791088874464_1561144791_n.jpg
snoopybabe, 11137952_1578646899078741_1585403108_n.jpg
snoopybabe, 11280392_1435117250127841_558258232_n.jpg
snoopybabe, 11142754_683144108456329_1211134558_n.jpg
snoopybabe, 11111404_1829531637272381_469901859_n.jpg
snoopybabe, 11142996_431152450386561_353426757_n.jpg
colonelmeow, 11123801_100105290325965_439035118_n.jpg
colonelmeow, 11240460_1434118540237897_108069681_n.jpg
colonelmeow, 11246104_971634202871077_683390958_n.jpg
colonelmeow, 11374688_1639340039611675_278904072_n.jpg
colonelmeow, 11255713_1404153646576527_897934310_n.jpg
colonelmeow, 11376294_1438539626453250_408893895_n.jpg
colonelmeow, 11257142_447298772111989_688019149_n.jpg
colonelmeow, 10727368_900329999978900_351658925_n.jpg
colonelmeow, 11809538_831157736969262_898441384_n.jpg
colonelmeow, 11280385_1468949426729018_38089930_n.jpg
