meltjoeng, 11189897_1654212198130908_1600952457_n.jpg
meltjoeng, 11176285_625087370924198_359524150_n.jpg
meltjoeng, 10569955_1446269332304394_192798553_n.jpg
meltjoeng, 1391371_645863905452953_619238437_n.jpg
meltjoeng, 11357952_1590771167840335_1929776698_n.jpg
meltjoeng, 11192841_996908750328817_1694793524_n.jpg
meltjoeng, 11123847_708011449320759_1570289208_n.jpg
meltjoeng, 11184718_415023695336203_555813549_n.jpg
meltjoeng, 10349622_284703621705748_1857447826_n.jpg
meltjoeng, 11123899_428751747296304_1272301280_n.jpg
reallykindofamazing, 11287800_698749430254861_236160125_n.jpg
reallykindofamazing, 11230400_366071906928910_1769996176_n.jpg
reallykindofamazing, 11313301_775074329277213_617665735_n.jpg
reallykindofamazing, 11376099_833181400099681_1471269502_n.jpg
reallykindofamazing, 928351_268345956687770_391455177_n.jpg
reallykindofamazing, 10724967_955809164429768_1742639322_n.jpg
reallykindofamazing, 927568_268733049959278_1824773414_n.jpg
reallykindofamazing, 1389841_587841507942187_436457136_n.jpg
reallykindofamazing, 1922370_228266300631158_1230620550_n.jpg
reallykindofamazing, 1740709_667172690001253_738167288_n.jpg
janesamuels, 12822366_170962589953015_209608234_n.jpg
janesamuels, 11910452_434611913401953_2096416716_n.jpg
janesamuels, 10808955_721062497971795_1333468014_n.jpg
janesamuels, 12230967_1660989544177613_108175472_n.jpg
janesamuels, 11189914_1550578075167195_496608073_n.jpg
janesamuels, 11142832_368886566627780_560949683_n.jpg
janesamuels, 11189861_364665340395135_2016658696_n.jpg
janesamuels, 11242417_811853675558470_852516097_n.jpg
janesamuels, 11251081_1380037555636724_2021397473_n.jpg
janesamuels, 11334556_437340113112939_545060299_n.jpg
mikekus, 11142175_471434276366396_734087285_n.jpg
mikekus, 11184718_350977151757632_1623554212_n.jpg
mikekus, 11142738_1560740117518774_1118966040_n.jpg
mikekus, 11143035_1598642373711526_1381650492_n.jpg
mikekus, 11186831_947420881975728_1457288972_n.jpg
mikekus, 11184539_871454412911101_114154583_n.jpg
mikekus, 10554017_1592892547603651_308419496_n.jpg
mikekus, 11184732_410503525799331_472435546_n.jpg
mikekus, 11348317_494976313993178_1529579592_n.jpg
mikekus, 11111479_1661021667452100_2049584802_n.jpg
neivy, 1389516_179109295613637_1392729818_n.jpg
neivy, 12354087_1529837903999352_528767052_n.jpg
neivy, 12362138_971745082914032_1376355130_n.jpg
neivy, 927187_286159451544522_280251314_n.jpg
neivy, 11033008_802503756486125_828709146_n.jpg
neivy, 1517347_1429367297296660_233822197_n.jpg
neivy, 10311049_289068971257508_2006913784_n.jpg
neivy, 915691_365762503586563_1500779129_n.jpg
neivy, 11049154_306344319535841_1541721558_n.jpg
neivy, 12142647_1963773833847029_497907880_n.jpg
palchenkov, 11205840_1575661456017629_458423003_n.jpg
palchenkov, 1170460_473227929454431_602291749_n.jpg
palchenkov, 11349328_946723735349076_2110354364_n.jpg
palchenkov, 11008021_729626690508250_2070699807_n.jpg
palchenkov, 11193166_396954190506332_1977606762_n.jpg
palchenkov, 10914449_864969450231839_145773734_n.jpg
palchenkov, 1516427_170393399837126_1786547347_n.jpg
palchenkov, 11184627_1658166941070445_1440042192_n.jpg
palchenkov, 11111532_1477815495774247_837615553_n.jpg
palchenkov, 10838365_745474925539430_493624204_n.jpg
patricialaydorsey, 11352032_494025007429914_396650133_n.jpg
patricialaydorsey, 11311402_386821128188392_1171361303_n.jpg
patricialaydorsey, 11417326_107207672949667_2078017908_n.jpg
patricialaydorsey, 1922321_691443020907739_1788912992_n.jpg
patricialaydorsey, 11335064_850532285026045_1264761431_n.jpg
patricialaydorsey, 11271939_963507283680124_880348238_n.jpg
patricialaydorsey, 1889324_639655409427562_1564454198_n.jpg
patricialaydorsey, 12750181_1699623110284261_1947857338_n.jpg
patricialaydorsey, 12141924_548539975311215_1427016925_n.jpg
patricialaydorsey, 11355921_1101770703172265_704177679_n.jpg
parkerfitzhenry, 11417383_1438826016426841_1451514533_n.jpg
parkerfitzhenry, 11335606_654624664639281_283308655_n.jpg
parkerfitzhenry, 11282061_1598767333697403_1718632715_n.jpg
parkerfitzhenry, 11376294_1605607066387872_1273035815_n.jpg
parkerfitzhenry, 10729342_301690170023899_1843388922_n.jpg
parkerfitzhenry, 11138017_360718584117794_1551082671_n.jpg
parkerfitzhenry, 11176417_103446126654348_1005780131_n.jpg
parkerfitzhenry, 11190041_702527863189026_2037824953_n.jpg
parkerfitzhenry, 11272123_1587007831562416_1028065189_n.jpg
parkerfitzhenry, 928874_1408708662782702_340392175_n.jpg
jtully, 11142215_758204240960635_408540507_n.jpg
jtully, 1538546_402252286588154_927058175_n.jpg
jtully, 11101978_799128766843925_18962747_n.jpg
jtully, 11235887_471113383054309_2026902489_n.jpg
jtully, 10809035_692394014201383_2073724202_n.jpg
jtully, 10349642_643428855740141_949448769_n.jpg
jtully, 11189218_1443514699276098_116847214_n.jpg
jtully, 12224679_1708325866053364_422731921_n.jpg
jtully, 11203187_673089112795912_1126754814_n.jpg
jtully, 11254642_1642748932623128_1081591155_n.jpg
stacykranitz, 1515164_397468123760602_1051362173_n.jpg
stacykranitz, 10522218_315918815278961_399434385_n.jpg
stacykranitz, 10932590_683728445104775_359192664_n.jpg
stacykranitz, 11236294_1445515935758815_976876369_n.jpg
stacykranitz, 925911_1517813751821464_293928992_n.jpg
stacykranitz, 10666018_1466440580318084_1026321471_n.jpg
stacykranitz, 10932043_874284819308642_216756219_n.jpg
stacykranitz, 10895152_1571038406447621_1470219246_n.jpg
stacykranitz, 12534608_1102939333071482_1275058617_n.jpg
stacykranitz, 11379235_1393065027690491_1123224196_n.jpg
inezandvinoodh, 924964_639638202772111_512867736_n.jpg
inezandvinoodh, 11078328_429625260530751_1136514907_n.jpg
inezandvinoodh, 12353967_1501500923484950_285263488_n.jpg
inezandvinoodh, 11821807_1016958798325825_394467774_n.jpg
inezandvinoodh, 11247014_468617146636798_364168229_n.jpg
inezandvinoodh, 11296847_418464668337466_732861049_n.jpg
inezandvinoodh, 10691830_309785935893185_2113353441_n.jpg
inezandvinoodh, 12783979_1058905667485482_1875865748_n.jpg
inezandvinoodh, 10729392_303616183161892_1418847097_n.jpg
inezandvinoodh, 11909149_501820033320958_2066702270_n.jpg
kevinmiyazaki, 1515952_337366016402789_551961175_n.jpg
kevinmiyazaki, 11849960_1483658578624116_2029589908_n.jpg
kevinmiyazaki, 12393749_892127900883558_743538518_n.jpg
kevinmiyazaki, 10251443_709578129104922_1330279039_n.jpg
kevinmiyazaki, 11410443_1602398103342283_1272192528_n.jpg
kevinmiyazaki, 10808631_653425204770046_844038902_n.jpg
kevinmiyazaki, 1598941_818608831553513_795971988_n.jpg
kevinmiyazaki, 10707031_703491849729075_987478087_n.jpg
kevinmiyazaki, 11910149_885359384874574_215348483_n.jpg
kevinmiyazaki, 917816_1503739689850646_2080785604_n.jpg
irablockphoto, 11357906_493124370840290_1752238245_n.jpg
irablockphoto, 11190277_471318926354404_1382578423_n.jpg
irablockphoto, 11312068_357919527741043_620949645_n.jpg
irablockphoto, 11267377_398159937056573_358456363_n.jpg
irablockphoto, 11380872_478346192314717_586657259_n.jpg
irablockphoto, 11253967_850800185015706_1375866317_n.jpg
irablockphoto, 11382917_1451417165176599_1244955673_n.jpg
irablockphoto, 12142269_1513182788998416_900815209_n.jpg
irablockphoto, 10311321_1428498930743381_1154715591_n.jpg
irablockphoto, 11313290_481082372044106_2123920163_n.jpg
ryannealcordwell, 10005288_239474322843141_1486470103_n.jpg
ryannealcordwell, 10956766_787394658008451_329575284_n.jpg
ryannealcordwell, 11248279_847355365319346_719552299_n.jpg
ryannealcordwell, 12142701_1822793881280520_247930254_n.jpg
ryannealcordwell, 11244843_1432784927039696_760504529_n.jpg
ryannealcordwell, 10735323_1548583368708579_1881140585_n.jpg
ryannealcordwell, 11269664_351095685084534_742367786_n.jpg
ryannealcordwell, 11199399_568410776633383_384619036_n.jpg
ryannealcordwell, 11236347_787758591344437_1595054618_n.jpg
ryannealcordwell, 12819043_1678099182447775_1909255886_n.jpg
lavicvic, 10979696_378043365717034_1555793642_n.jpg
lavicvic, 11266384_682485518564119_1144755175_n.jpg
lavicvic, 11093125_1599277790341482_510317627_n.jpg
lavicvic, 11376112_447169435463895_420481771_n.jpg
lavicvic, 11142174_1581001892172903_612326233_n.jpg
lavicvic, 10009201_1382479548746144_2029717044_n.jpg
lavicvic, 11116982_1421545458153096_779725842_n.jpg
lavicvic, 11176006_560151220789430_1753401023_n.jpg
lavicvic, 10963900_1558209934426810_703293893_n.jpg
lavicvic, 10865106_821760944570083_184730343_n.jpg
williamhereford, 10261248_1433322923585797_1455452637_n.jpg
williamhereford, 928841_826395834075303_1932806592_n.jpg
williamhereford, 11376286_1854527958105126_1988145536_n.jpg
williamhereford, 926543_265889730282315_1368892540_n.jpg
williamhereford, 924144_767464889968903_1597777082_n.jpg
williamhereford, 10706952_781175205262630_1518448970_n.jpg
williamhereford, 1390054_596940210341186_1714398067_n.jpg
williamhereford, 924076_689310361174029_981939280_n.jpg
williamhereford, 10569942_283607621824298_893601734_n.jpg
williamhereford, 10802834_855525074492113_272255505_n.jpg
asasjostromphotography, 12558374_179807532389157_58257631_n.jpg
asasjostromphotography, 12353365_1576210762625543_2060713824_n.jpg
asasjostromphotography, 12231082_482905071882244_1478472511_n.jpg
asasjostromphotography, 11191608_1577385322536261_270904954_n.jpg
asasjostromphotography, 11950704_1493569347605391_301644542_n.jpg
asasjostromphotography, 1597155_183814835332447_483202359_n.jpg
asasjostromphotography, 11230366_677521229061371_162289929_n.jpg
asasjostromphotography, 11137720_1419859244989963_1825827311_n.jpg
asasjostromphotography, 12749851_237996816542181_1430156129_n.jpg
asasjostromphotography, 10979524_101851633526995_1770257609_n.jpg
burkhartsokc, 891448_778435998896496_140624818_n.jpg
burkhartsokc, 1208234_416813158453220_981475285_n.jpg
burkhartsokc, 11280534_1452308778401253_1014296811_n.jpg
burkhartsokc, 11116936_960805797284863_1242352864_n.jpg
burkhartsokc, 10655136_1561286337425081_1417384610_n.jpg
burkhartsokc, 11378460_103226816686093_712847048_n.jpg
burkhartsokc, 11190107_459625734214684_1304025203_n.jpg
burkhartsokc, 11236083_389196307932006_753222496_n.jpg
burkhartsokc, 11372219_1620574938189171_1161513473_n.jpg
burkhartsokc, 11008252_1227019803981889_1549572337_n.jpg
camrindengel, 10731575_142627109403165_335065250_n.jpg
camrindengel, 11379062_506162412886271_1285267402_n.jpg
camrindengel, 1516013_840755022688450_1139842050_n.jpg
camrindengel, 12558718_1683095438636078_1668016087_n.jpg
camrindengel, 11355746_1671879893033402_567459019_n.jpg
camrindengel, 10570011_877695525629390_1107803486_n.jpg
camrindengel, 11934669_1061905023855788_1668573670_n.jpg
camrindengel, 10507839_457552744404982_1292667782_n.jpg
camrindengel, 12357461_203692896633281_1934976759_n.jpg
camrindengel, 11111417_817367224995718_649135688_n.jpg
astrodub, 11856788_733046030173839_470859639_n.jpg
astrodub, 12547478_1700829786800163_2044050196_n.jpg
astrodub, 11142338_882862918441610_690312438_n.jpg
astrodub, 11116672_1382048598790302_62584149_n.jpg
astrodub, 11137980_557756277700022_1473564613_n.jpg
astrodub, 11143035_659393224160138_2002760649_n.jpg
astrodub, 11084892_1458478721110268_1930712971_n.jpg
astrodub, 11176639_1422480974728480_1894595531_n.jpg
astrodub, 1389563_520112991417361_1692441684_n.jpg
astrodub, 11093014_1577837952495834_1556499420_n.jpg
mkshunter, 11187080_881662211891409_1008284827_n.jpg
mkshunter, 11101977_954200174610687_1765967025_n.jpg
mkshunter, 11249945_902509416454901_702493275_n.jpg
mkshunter, 11142386_1407896099530621_1720615973_n.jpg
mkshunter, 11142334_850644911674081_2076775739_n.jpg
mkshunter, 11191501_1438407359802697_2027102173_n.jpg
mkshunter, 11116627_419234158248060_785523173_n.jpg
mkshunter, 928816_477761682377043_1917156911_n.jpg
mkshunter, 11357293_1436071860034740_1273889182_n.jpg
mkshunter, 11195778_750371371745864_1592209345_n.jpg
lesliekirch, 12826052_748248908645420_152962051_n.jpg
lesliekirch, 10950574_1470796226549671_2078635645_n.jpg
lesliekirch, 12080566_547721115383118_809648706_n.jpg
lesliekirch, 11252393_567371070069209_1816066541_n.jpg
lesliekirch, 11327356_1018163048235196_722307808_n.jpg
lesliekirch, 11230427_369434779910254_874739633_n.jpg
lesliekirch, 1515530_594869303918857_300519230_n.jpg
lesliekirch, 926373_1451908605025637_730665122_n.jpg
lesliekirch, 11379823_510588159146326_1250292530_n.jpg
lesliekirch, 11311938_1604086789859085_905087642_n.jpg
nolabeings, 11326199_1485759815060732_523327100_n.jpg
nolabeings, 11333431_785435468244424_1902772936_n.jpg
nolabeings, 927679_832589476753592_1842665299_n.jpg
nolabeings, 1530856_661854063849616_712687791_n.jpg
nolabeings, 1739963_822194061139729_990447657_n.jpg
nolabeings, 12825987_908705172583032_2135491118_n.jpg
nolabeings, 917348_836091643083734_1235684176_n.jpg
nolabeings, 1724619_461012000691324_1138372873_n.jpg
nolabeings, 10514052_299688803539902_634751785_n.jpg
nolabeings, 10249150_1548281668788682_2089503765_n.jpg
chrysti, 925084_599937270067018_1122897994_n.jpg
chrysti, 11327190_1647251738852974_1485145376_n.jpg
chrysti, 11176611_807258199363836_322179271_n.jpg
chrysti, 11203297_698643250247846_1490655053_n.jpg
chrysti, 11111320_846971702058374_1513914265_n.jpg
chrysti, 11137980_1631387037082455_1383330309_n.jpg
chrysti, 11208128_851308484936456_871881895_n.jpg
chrysti, 11193070_1596474373925305_1199589591_n.jpg
chrysti, 11116751_1573523692910607_1898369879_n.jpg
chrysti, 11123712_1594980037437628_377873729_n.jpg
thesdcowgirl, 11208326_814328488643586_1887893328_n.jpg
thesdcowgirl, 11117020_391086781093788_2130028968_n.jpg
thesdcowgirl, 11208604_431391527039284_726508070_n.jpg
thesdcowgirl, 11373757_842795639102688_1687053235_n.jpg
thesdcowgirl, 11117101_927021147359951_1879614625_n.jpg
thesdcowgirl, 11192884_1623576871190029_652975908_n.jpg
thesdcowgirl, 11191475_650238211775854_1888939932_n.jpg
thesdcowgirl, 11123724_886421294751675_1120365931_n.jpg
thesdcowgirl, 11230540_868087873260878_1451494492_n.jpg
thesdcowgirl, 11176394_1590568227891550_406084561_n.jpg
waywardspark, 10584607_1468077266773352_1256322508_n.jpg
waywardspark, 10401793_152089415174610_1506838836_n.jpg
waywardspark, 11184610_101019663565715_1200849477_n.jpg
waywardspark, 11358968_1642297266003190_61035126_n.jpg
waywardspark, 11191023_1611164632461091_442075689_n.jpg
waywardspark, 12277372_200127603658688_1086199751_n.jpg
waywardspark, 11176151_1572660842983781_1349794357_n.jpg
waywardspark, 12556034_215373172141711_952944690_n.jpg
waywardspark, 11203277_451318008356125_1930177722_n.jpg
waywardspark, 10735516_1494406840842236_1435393424_n.jpg
skwii, 11359004_1605419306406949_517677156_n.jpg
skwii, 11117175_448167382025227_1263130529_n.jpg
skwii, 1171924_569394419808536_1515754364_n.jpg
skwii, 914388_1437469863181588_1351990342_n.jpg
skwii, 10724696_1570080023255204_1620534584_n.jpg
skwii, 11377696_1575720469317206_369647482_n.jpg
skwii, 11123849_740354332729566_1388240933_n.jpg
skwii, 1738617_750047558363918_1947087470_n.jpg
skwii, 11117008_709216405856254_1332460540_n.jpg
skwii, 11111302_1407915496195810_1776929126_n.jpg
cherylestonge, 11208016_602274226582433_2141412232_n.jpg
cherylestonge, 11809916_1673672339535462_2135298608_n.jpg
cherylestonge, 10844158_1391218037841580_60028914_n.jpg
cherylestonge, 11380184_1598873623702765_1929314409_n.jpg
cherylestonge, 12547240_852761908203819_1938680990_n.jpg
cherylestonge, 11349267_1615891528654805_1290501121_n.jpg
cherylestonge, 10661149_332777133551062_532542306_n.jpg
cherylestonge, 11333414_902080239850501_1521402797_n.jpg
cherylestonge, 11313752_866308330109072_1181121343_n.jpg
cherylestonge, 10554266_1518770028352719_179443840_n.jpg
witchoria, 11428117_1630230250596702_1338379125_n.jpg
witchoria, 1516998_403301063106531_737295259_n.jpg
witchoria, 11377986_669852089783589_1957044289_n.jpg
witchoria, 917272_886569511369136_228564731_n.jpg
witchoria, 11269676_358887747655633_2052611767_n.jpg
witchoria, 10607878_762989437097802_272111236_n.jpg
witchoria, 1172788_248360438655440_1671203562_n.jpg
witchoria, 11377877_1624356637823399_317981853_n.jpg
witchoria, 11311522_1580717282189608_561651028_n.jpg
witchoria, 11189678_1429033390748222_751533804_n.jpg
johnstanmeyer, 11093129_444603265717752_216854054_n.jpg
johnstanmeyer, 10369403_622237004526449_158374958_n.jpg
johnstanmeyer, 1168544_657446274297512_1935729298_n.jpg
johnstanmeyer, 10852675_1517254671887465_581779587_n.jpg
johnstanmeyer, 10175158_1497362067150140_108304270_n.jpg
johnstanmeyer, 11190702_414705042046874_32656869_n.jpg
johnstanmeyer, 10932594_988732374488126_1665379656_n.jpg
johnstanmeyer, 924993_1904031636489863_1100637546_n.jpg
johnstanmeyer, 926011_565569260201489_351025258_n.jpg
johnstanmeyer, 10661015_1681081218784816_2102716494_n.jpg
timlampe, 11232790_1661930057361915_1530684728_n.jpg
timlampe, 11176159_478836778931055_408912110_n.jpg
timlampe, 10326655_1382204868707033_449501065_n.jpg
timlampe, 11236257_1572289149676488_880509299_n.jpg
timlampe, 925603_718572801525729_460133571_n.jpg
timlampe, 10553995_314552955382357_37097453_n.jpg
timlampe, 10725017_1544658172433065_526400232_n.jpg
timlampe, 11111404_1423112107996120_1072258012_n.jpg
timlampe, 11190172_471197526365151_363346930_n.jpg
timlampe, 10914304_1628218097400120_987357158_n.jpg
hawkeyehuey, 10296570_462250307252227_1323076307_n.jpg
hawkeyehuey, 11820439_1619535518331609_954868238_n.jpg
hawkeyehuey, 11085096_1577349212549745_1887171956_n.jpg
hawkeyehuey, 10475164_1421066271512506_982820766_n.jpg
hawkeyehuey, 11111366_968907559799629_266798125_n.jpg
hawkeyehuey, 11850131_1631459653770325_1384366523_n.jpg
hawkeyehuey, 10475133_583606625094021_609062145_n.jpg
hawkeyehuey, 10899295_677065065747170_857645272_n.jpg
hawkeyehuey, 10727416_1521804651396472_756926134_n.jpg
hawkeyehuey, 11352851_455263204598661_1248370883_n.jpg
alexprager, 10616934_738860916171103_1151549773_n.jpg
alexprager, 11189790_1563383093935659_1553483926_n.jpg
alexprager, 11192949_1400783730244276_1082234962_n.jpg
alexprager, 10853046_387079274799229_959386997_n.jpg
alexprager, 11116989_813660485380175_2077706017_n.jpg
alexprager, 12338822_1538965483092068_1260626252_n.jpg
alexprager, 11330803_1619871801587269_311835130_n.jpg
alexprager, 10624417_824508067583846_55819543_n.jpg
alexprager, 12345857_502254146612750_1943959609_n.jpg
alexprager, 11245665_798229093625047_1091709761_n.jpg
bydvnlln, 12107506_918015698278084_1315939389_n.jpg
bydvnlln, 10748247_1570912883123917_1831290240_n.jpg
bydvnlln, 12331333_159343901090021_2045814807_n.jpg
bydvnlln, 12080654_922214987874812_797627241_n.jpg
bydvnlln, 11192756_1074959059185173_1993653259_n.jpg
bydvnlln, 11417255_1455911678036063_1569419459_n.jpg
bydvnlln, 12816902_1035598189829534_169978837_n.jpg
bydvnlln, 10950470_794639140572483_920814838_n.jpg
bydvnlln, 12237335_1647492452176077_448411776_n.jpg
bydvnlln, 10623992_1471014009821107_133988131_n.jpg
memoryweaver, 11334594_1593905334184263_2117057974_n.jpg
memoryweaver, 11201674_1191840197509071_1521200936_n.jpg
memoryweaver, 11260302_1409359759386618_1891529490_n.jpg
memoryweaver, 1516705_568158849928292_673585479_n.jpg
memoryweaver, 10932394_739416699470084_1220787228_n.jpg
memoryweaver, 11386460_1410469939279706_249876768_n.jpg
memoryweaver, 11257945_1619230558318601_1694756191_n.jpg
memoryweaver, 1740260_1407722346152645_1360189325_n.jpg
memoryweaver, 11226740_662433527196267_749673445_n.jpg
memoryweaver, 11208341_346932008849961_72955082_n.jpg
danrubin, 11142757_1588248814747323_247482429_n.jpg
danrubin, 1597733_593892864009254_2082047859_n.jpg
danrubin, 11111372_1584282648505418_320115488_n.jpg
danrubin, 924189_705347392822813_969320603_n.jpg
danrubin, 11137978_688889567905227_1618198969_n.jpg
danrubin, 11098291_839459439423099_1187165006_n.jpg
danrubin, 11116609_1586558364963027_726835833_n.jpg
danrubin, 11123905_1104532129562926_940822515_n.jpg
danrubin, 11111511_1729871150573031_467680787_n.jpg
danrubin, 11363744_458946814272640_582045613_n.jpg
heysp, 928793_508866505930349_1317155967_n.jpg
heysp, 11142751_419985451513898_802092968_n.jpg
heysp, 12353424_1530026023988835_447816128_n.jpg
heysp, 11116682_351670248358926_155497420_n.jpg
heysp, 929188_849325008456844_2071119829_n.jpg
heysp, 11142945_1594597607448875_2111969046_n.jpg
heysp, 11199605_1607384552838778_1367206298_n.jpg
heysp, 11256961_358652121007528_842648493_n.jpg
heysp, 11191226_1558659631051946_351463873_n.jpg
heysp, 11357737_1397186210611851_154885122_n.jpg
taylortippett, 1170088_264423863709106_1182770344_n.jpg
taylortippett, 10731699_309152749269705_964190891_n.jpg
taylortippett, 10693675_653443311443849_1431002175_n.jpg
taylortippett, 10475062_1504190213132203_2237354_n.jpg
taylortippett, 12751498_1024958494242678_377719113_n.jpg
taylortippett, 1971474_422022574601230_1944860086_n.jpg
taylortippett, 11187045_851848134890401_1860131943_n.jpg
taylortippett, 11351767_1597583337183415_491757538_n.jpg
taylortippett, 12106176_426692484191408_454299471_n.jpg
taylortippett, 11925522_167292800278309_1902743555_n.jpg
bengum, 1516761_195674980631302_1411692383_n.jpg
bengum, 11186888_356063997922790_1264598164_n.jpg
bengum, 11055583_783107028451355_1245329201_n.jpg
bengum, 10449009_693071510764937_1552022269_n.jpg
bengum, 11856576_730200877091396_1515051636_n.jpg
bengum, 11906143_1688991401334499_630158676_n.jpg
bengum, 1172686_480613852122710_1858938315_n.jpg
bengum, 1390250_495030233943857_1740037343_n.jpg
bengum, 11201711_1588514851413733_917494773_n.jpg
bengum, 12277441_990446204326870_914933392_n.jpg
nothing_to_worry_about, 12345825_946323882110952_1478644834_n.jpg
nothing_to_worry_about, 11296825_1446921835632919_1573147911_n.jpg
nothing_to_worry_about, 11142994_1388320261493831_1614066396_n.jpg
nothing_to_worry_about, 11311289_1077095412314220_1529547884_n.jpg
nothing_to_worry_about, 11379836_861117070620785_1583442588_n.jpg
nothing_to_worry_about, 10784942_764045290309228_1456390601_n.jpg
nothing_to_worry_about, 11428691_793945764051356_882784613_n.jpg
nothing_to_worry_about, 10654950_577416809051146_1114459446_n.jpg
nothing_to_worry_about, 12748419_966499413434555_621354924_n.jpg
nothing_to_worry_about, 11821932_1774454129448205_1509473395_n.jpg
chadwicktyler, 11848821_316169778507306_489605264_n.jpg
chadwicktyler, 10413778_448065478728681_799008542_n.jpg
chadwicktyler, 12353425_196501417357329_2086609441_n.jpg
chadwicktyler, 12545318_604047549742408_59915106_n.jpg
chadwicktyler, 12717121_1056483997708013_2075392130_n.jpg
chadwicktyler, 12677328_222939624719727_1436981278_n.jpg
chadwicktyler, 1168642_142430009464793_2126607724_n.jpg
chadwicktyler, 12748199_1512162915752445_1032000877_n.jpg
chadwicktyler, 12317918_1676268332628997_1308240011_n.jpg
chadwicktyler, 12298888_1660773794189448_79388157_n.jpg
skylerwagoner, 928573_1420381184908714_1327911896_n.jpg
skylerwagoner, 11371113_632230660212422_1596608714_n.jpg
skylerwagoner, 10375583_494143334048917_1633237494_n.jpg
skylerwagoner, 1922268_1378738692381543_117270654_n.jpg
skylerwagoner, 11265718_386022928257243_834710277_n.jpg
skylerwagoner, 10956797_356831464505988_550727702_n.jpg
skylerwagoner, 12568345_1697647567118274_710628842_n.jpg
skylerwagoner, 12568930_927712550683663_776249658_n.jpg
skylerwagoner, 11190721_1434004856915124_12951563_n.jpg
skylerwagoner, 10899368_335386539999100_2145143414_n.jpg
brettbrooner, 12751106_1741619646071767_992127698_n.jpg
brettbrooner, 10401862_1428484947416954_869467265_n.jpg
brettbrooner, 11176643_476217202543906_1266345364_n.jpg
brettbrooner, 11203224_838357946262634_333703710_n.jpg
brettbrooner, 1737138_1380141358965050_1363017817_n.jpg
brettbrooner, 12353405_1009818849090514_1957955164_n.jpg
brettbrooner, 10723904_873987652614352_1541323673_n.jpg
brettbrooner, 11420929_837429669668731_1657894651_n.jpg
brettbrooner, 926787_697639160309851_1101304694_n.jpg
brettbrooner, 925557_305910846256759_736986534_n.jpg
bkstreetart, 10948716_989156214446717_496476324_n.jpg
bkstreetart, 10844198_517821138381915_859090786_n.jpg
bkstreetart, 11244824_687703894667843_547613273_n.jpg
bkstreetart, 1170986_440806132692133_903280872_n.jpg
bkstreetart, 1889320_1394024604197291_430171747_n.jpg
bkstreetart, 10725056_879659272058732_910637206_n.jpg
bkstreetart, 1388841_262167070597203_678324590_n.jpg
bkstreetart, 11335514_429549943836967_659485868_n.jpg
bkstreetart, 11203329_939352596115399_2084290115_n.jpg
bkstreetart, 11351535_400548233488998_563391339_n.jpg
howdyluke, 11809588_500526943432109_1632385161_n.jpg
howdyluke, 11910251_439860246221420_1217882572_n.jpg
howdyluke, 12301287_1009479849104355_1406589972_n.jpg
howdyluke, 11311955_475742895917807_825732938_n.jpg
howdyluke, 11288156_472050029616747_742090919_n.jpg
howdyluke, 12751118_184123425296270_1097953450_n.jpg
howdyluke, 11311571_1669336096644687_684403602_n.jpg
howdyluke, 11296837_1001478976558733_1828540101_n.jpg
howdyluke, 12677145_1643149129281529_307881295_n.jpg
howdyluke, 12534369_539802412863300_809203570_n.jpg
charlesmostoller, 11355960_373142569562736_1838250104_n.jpg
charlesmostoller, 10005343_1595328997402832_1831144597_n.jpg
charlesmostoller, 11334549_1400069053655519_1465344574_n.jpg
charlesmostoller, 12132945_817776915015351_1045001159_n.jpg
charlesmostoller, 11377314_1595554417391177_1781003290_n.jpg
charlesmostoller, 10175167_1402469403361267_1724255300_n.jpg
charlesmostoller, 10890550_1405367879764115_1489356265_n.jpg
charlesmostoller, 10005677_1428505547417065_547106530_n.jpg
charlesmostoller, 10623622_1462944547325174_2135874000_n.jpg
charlesmostoller, 11254123_843142889087236_1215752892_n.jpg
pauloctavious, 1515505_453858668053639_418893479_n.jpg
pauloctavious, 11084817_1556501084611220_135166999_n.jpg
pauloctavious, 12298779_815846881857331_1905802319_n.jpg
pauloctavious, 10584796_702238569855043_1749519344_n.jpg
pauloctavious, 11186865_1647401838825851_541658240_n.jpg
pauloctavious, 11205840_1583088905312852_1561401332_n.jpg
pauloctavious, 1391300_753962054630009_395780632_n.jpg
pauloctavious, 10401833_1499730830238310_505772760_n.jpg
pauloctavious, 10513884_1576780429243214_1185849895_n.jpg
pauloctavious, 11193003_1615253692020123_1693308678_n.jpg
misvincent, 11232516_610004032475092_184912546_n.jpg
misvincent, 11263539_103842709951193_713216509_n.jpg
misvincent, 10467906_303773106456491_1965059678_n.jpg
misvincent, 10471833_659908640753607_1135223061_n.jpg
misvincent, 10818097_776663772412714_982992626_n.jpg
misvincent, 12093514_491413674362056_291469854_n.jpg
misvincent, 11189613_1412699739049346_1675779784_n.jpg
misvincent, 11201692_367967353407225_508710743_n.jpg
misvincent, 10950334_585909061511249_2059794289_n.jpg
misvincent, 11324508_894502130607881_199774831_n.jpg
thomas_prior, 11287838_974742655883488_512556426_n.jpg
thomas_prior, 11821142_1477691405892495_1879150164_n.jpg
thomas_prior, 916468_290795721096774_1810581691_n.jpg
thomas_prior, 10848443_311986325660188_1754899179_n.jpg
thomas_prior, 10584668_879774118717270_1338539496_n.jpg
thomas_prior, 10549677_1390543074518637_1727996530_n.jpg
thomas_prior, 10725023_725704794212603_1821838079_n.jpg
thomas_prior, 11049237_848366941887833_1518941534_n.jpg
thomas_prior, 11417297_1623547061227634_78150392_n.jpg
thomas_prior, 10576102_1464544117134432_209832340_n.jpg
paolakudacki, 11934662_1175408572475291_48597342_n.jpg
paolakudacki, 11273354_1054185431276207_672845702_n.jpg
paolakudacki, 10748160_728515883909666_1411340267_n.jpg
paolakudacki, 10683811_707978979296574_1271477528_n.jpg
paolakudacki, 10864685_815047018553603_2020946363_n.jpg
paolakudacki, 11274263_1438917559744495_831975686_n.jpg
paolakudacki, 12339002_1143882118972703_1573483033_n.jpg
paolakudacki, 11352110_1392559304408181_685573606_n.jpg
paolakudacki, 10522813_823872974310664_2127258174_n.jpg
paolakudacki, 12558809_475132896025950_839797313_n.jpg
stellamariabaer, 917202_752795548146402_88500664_n.jpg
stellamariabaer, 11377610_384323911755609_1250181986_n.jpg
stellamariabaer, 10246079_667890646600214_859411069_n.jpg
stellamariabaer, 928512_1439151156331705_406029806_n.jpg
stellamariabaer, 1170305_255535244634376_1804931541_n.jpg
stellamariabaer, 1389699_676068405823283_1725485809_n.jpg
stellamariabaer, 11257595_698056926967663_1105839363_n.jpg
stellamariabaer, 11269423_1666199570265511_1860148454_n.jpg
stellamariabaer, 1724522_622868321135421_273692640_n.jpg
stellamariabaer, 10251529_218178171726417_1648957612_n.jpg
samhorine, 12276991_441392726064833_1611996247_n.jpg
samhorine, 11283285_111871609144587_87940695_n.jpg
samhorine, 10362355_236939753181280_388811079_n.jpg
samhorine, 11142711_1397364717253763_275592657_n.jpg
samhorine, 11142884_338172973045083_856867522_n.jpg
samhorine, 11190186_472312749599055_986433997_n.jpg
samhorine, 11191563_1411163482538738_645874939_n.jpg
samhorine, 914342_503495096439839_1897848391_n.jpg
samhorine, 11280379_653509291448313_137995174_n.jpg
samhorine, 1170448_514588598662271_2048395469_n.jpg
garethpon, 10354555_1429403323994409_654754233_n.jpg
garethpon, 11337181_1452305138417460_2126758219_n.jpg
garethpon, 1599118_694610053893147_321418631_n.jpg
garethpon, 12393999_576119922554321_1962393155_n.jpg
garethpon, 12080526_1691983537754973_1743021721_n.jpg
garethpon, 1391184_1429393623958121_1879157583_n.jpg
garethpon, 11421975_1609925379269948_419733035_n.jpg
garethpon, 10986103_605996976201546_518629433_n.jpg
garethpon, 11191520_1504784256408896_102962706_n.jpg
garethpon, 10549914_808295659276047_638620238_n.jpg
robertwtobin, 11116671_876240799100851_1709596048_n.jpg
robertwtobin, 10787967_289490957907302_395570938_n.jpg
robertwtobin, 11311136_1479214379056490_811358134_n.jpg
robertwtobin, 10890715_904893296210165_670018372_n.jpg
robertwtobin, 10724232_940283719320009_1811532525_n.jpg
robertwtobin, 11821804_1645721369038046_1337356188_n.jpg
robertwtobin, 12145276_625091430926585_1777788359_n.jpg
robertwtobin, 12357388_869734543143116_1090201298_n.jpg
robertwtobin, 11429784_679327102173378_1393382822_n.jpg
robertwtobin, 10349678_521323974656426_2116898903_n.jpg
jesse_burke, 11352114_1660109064219817_1467244255_n.jpg
jesse_burke, 11142823_1595147734066696_2114864563_n.jpg
jesse_burke, 11254357_867110666689704_683733093_n.jpg
jesse_burke, 11208220_1621796451365237_1890736651_n.jpg
jesse_burke, 1599554_1588803801361593_319193206_n.jpg
jesse_burke, 12393811_1637552686495533_1563352400_n.jpg
jesse_burke, 11313678_1447833465512008_395447195_n.jpg
jesse_burke, 11282192_1605830632967806_282059200_n.jpg
jesse_burke, 11230410_636856536445171_1062701619_n.jpg
jesse_burke, 11232864_1058076814219782_52123913_n.jpg
macenzo, 11085114_1614130888830313_537742409_n.jpg
macenzo, 11252464_1642889245944029_1192624353_n.jpg
macenzo, 11203305_473468252804047_2144713908_n.jpg
macenzo, 12269908_720096411423493_363258343_n.jpg
macenzo, 10369262_116577035403100_1343248610_n.jpg
macenzo, 11116619_1425015457804123_1306298935_n.jpg
macenzo, 11311099_1119770851383392_1788201079_n.jpg
macenzo, 10576236_787752081276186_42454566_n.jpg
macenzo, 11143020_1616187691959975_85060838_n.jpg
macenzo, 11240304_847876085262105_658040123_n.jpg
_spirits, 1389691_1425053367713180_255561990_n.jpg
_spirits, 927163_713242078769515_1524718453_n.jpg
_spirits, 10401650_567471866703182_227754147_n.jpg
_spirits, 11374775_847484825346694_2124916079_n.jpg
_spirits, 1389418_433912443379780_1822286473_n.jpg
_spirits, 10882004_980370541977990_606005864_n.jpg
_spirits, 914766_906006776078118_1510383764_n.jpg
_spirits, 10895056_411187589045728_877855007_n.jpg
_spirits, 11849456_925822887477329_684687999_n.jpg
_spirits, 10843758_752436111503515_1630684474_n.jpg
dguttenfelder, 10848315_967164649977759_71499962_n.jpg
dguttenfelder, 10467777_921797771249843_366598036_n.jpg
dguttenfelder, 11242295_397619797103629_2102580592_n.jpg
dguttenfelder, 10499125_1527175024180031_222774803_n.jpg
dguttenfelder, 11272471_1602932616614371_1625616207_n.jpg
dguttenfelder, 11191337_1120580101300884_2119210895_n.jpg
dguttenfelder, 11093031_1588863228065454_1802601596_n.jpg
dguttenfelder, 11015509_1411260442511706_174653174_n.jpg
dguttenfelder, 11355100_1612503522363116_1908723011_n.jpg
dguttenfelder, 11352369_105523956452064_1851962709_n.jpg
jeffonline, 1597244_1449875648560211_1437622811_n.jpg
jeffonline, 10299664_691349080962128_331803197_n.jpg
jeffonline, 11186837_1396536907337274_1416230985_n.jpg
jeffonline, 10608075_1645736062305691_124383037_n.jpg
jeffonline, 11385230_884643394930540_215711135_n.jpg
jeffonline, 11417277_601575199944981_66194349_n.jpg
jeffonline, 11258673_413013995537826_809186002_n.jpg
jeffonline, 11939270_785603531565974_96357693_n.jpg
jeffonline, 10895295_1531821200427687_1633430466_n.jpg
jeffonline, 12237224_442579679280718_1057534140_n.jpg
adamsenatori, 11176302_375620362629766_512453723_n.jpg
adamsenatori, 1516606_244779172355717_1631137410_n.jpg
adamsenatori, 10954793_482547808583472_533431955_n.jpg
adamsenatori, 11111405_1645583965672595_137373332_n.jpg
adamsenatori, 11186853_978540338845277_1430149106_n.jpg
adamsenatori, 11374770_838728942829243_1406720666_n.jpg
adamsenatori, 11274388_1441329436184039_193158699_n.jpg
adamsenatori, 11820644_1031566123561546_281452414_n.jpg
adamsenatori, 11378573_412089078975739_107807594_n.jpg
adamsenatori, 11881760_803080806456547_554757175_n.jpg
amivitale, 11378485_1443779829258340_1014780356_n.jpg
amivitale, 1941232_1565378980351437_1246125550_n.jpg
amivitale, 10735150_691574164282910_1645606697_n.jpg
amivitale, 11379041_1594590157459530_1630964867_n.jpg
amivitale, 12383463_1675305076091435_168757875_n.jpg
amivitale, 11116614_1435663410067793_52602770_n.jpg
amivitale, 10949056_406862449473952_1338871582_n.jpg
amivitale, 11917734_733828630095822_856920925_n.jpg
amivitale, 11351737_624474577692571_812987397_n.jpg
amivitale, 11352181_1462403634057366_1617638279_n.jpg
bythebrush, 1389335_732750783430161_597536474_n.jpg
bythebrush, 11192678_1571416656472540_1566884711_n.jpg
bythebrush, 11378373_1600299500219034_891152554_n.jpg
bythebrush, 11192571_1574594516123921_1985167181_n.jpg
bythebrush, 10584695_261856744021304_1137001937_n.jpg
bythebrush, 11208563_700619770083512_1493573922_n.jpg
bythebrush, 11117096_1818485588376960_1305774186_n.jpg
bythebrush, 10387990_242979962560397_1999238030_n.jpg
bythebrush, 11189766_756407204478799_2038523273_n.jpg
bythebrush, 11193046_1621828658062420_3129850_n.jpg
brahmino, 11850293_1498500460448660_1281301867_n.jpg
brahmino, 11189672_599180243552135_1824668860_n.jpg
brahmino, 11267409_1580073545586222_86259826_n.jpg
brahmino, 12070846_788364567955820_1481845359_n.jpg
brahmino, 11187042_986021281409491_1597034573_n.jpg
brahmino, 11116727_349093445287824_1852885756_n.jpg
brahmino, 11142239_894651897274178_615485822_n.jpg
brahmino, 10593442_752276068164094_944794030_n.jpg
brahmino, 11324991_381158295410366_431260261_n.jpg
brahmino, 11311055_1442537419374538_908679618_n.jpg
johnnylace, 11939501_106941313005393_1511848527_n.jpg
johnnylace, 11377847_1639927569563656_1516048554_n.jpg
johnnylace, 12301393_185523218458605_1407019741_n.jpg
johnnylace, 11849335_890829920965178_1706924756_n.jpg
johnnylace, 10707168_1472482986348541_1296549437_n.jpg
johnnylace, 11251027_852326074803127_1992334602_n.jpg
johnnylace, 10598689_760345087344824_773024561_n.jpg
johnnylace, 10454196_1435415750057915_844002885_n.jpg
johnnylace, 12104939_1724217051133770_1691800791_n.jpg
johnnylace, 11333638_852048141553762_125080812_n.jpg
mattslaby, 11259111_943311812366612_593326156_n.jpg
mattslaby, 11208140_1568337990097149_804442308_n.jpg
mattslaby, 1389508_562868110459608_1885614476_n.jpg
mattslaby, 11352095_1588190038114591_168832722_n.jpg
mattslaby, 11350788_1629197460686336_1171281047_n.jpg
mattslaby, 12568209_1861633854063341_1517861309_n.jpg
mattslaby, 11191370_1645398122359326_636807144_n.jpg
mattslaby, 10865283_397047217111927_209458215_n.jpg
mattslaby, 11376196_1592940564322151_1013798078_n.jpg
mattslaby, 10632460_1568526030131981_2014743342_n.jpg
darrylljones, 11190132_380078262184706_1649093427_n.jpg
darrylljones, 11326696_381843378673157_318477623_n.jpg
darrylljones, 11111469_764684030317836_976246653_n.jpg
darrylljones, 11190877_1462885447336344_1232612988_n.jpg
darrylljones, 11241865_837486996338315_451212554_n.jpg
darrylljones, 11191106_820763411336460_338779948_n.jpg
darrylljones, 1738085_524139117685753_1447005268_n.jpg
darrylljones, 11191056_1420957001555087_19976106_n.jpg
darrylljones, 1209607_737207943007323_1314209882_n.jpg
darrylljones, 11190922_1613296642220185_1645108978_n.jpg
janske, 10268998_235661579974014_1513951146_n.jpg
janske, 11176176_1627977944083581_1082812802_n.jpg
janske, 1171617_221446318028778_1385810066_n.jpg
janske, 11176516_1466893346934545_1990563170_n.jpg
janske, 10723786_1635224293387076_143273029_n.jpg
janske, 11261782_1097391446943110_1196418304_n.jpg
janske, 11192854_1391665394491893_553937830_n.jpg
janske, 11098715_1430172107286778_1799455609_n.jpg
janske, 11191029_787055431391826_1555404619_n.jpg
janske, 11241335_1114055401953573_1595075117_n.jpg
jaredragland, 11203188_1707382312851090_756601914_n.jpg
jaredragland, 1688293_189160761294158_1080518966_n.jpg
jaredragland, 11258137_398985473640128_1623081293_n.jpg
jaredragland, 10598292_1454415268175895_1551569415_n.jpg
jaredragland, 11351798_918032491579153_655785745_n.jpg
jaredragland, 11282140_1600187846905424_822886513_n.jpg
jaredragland, 11251027_425363070975592_2143264265_n.jpg
jaredragland, 11201749_795843820522915_2102748109_n.jpg
jaredragland, 11254077_1618405685074213_1747870939_n.jpg
jaredragland, 11189187_552394901569629_786536356_n.jpg
joshualott, 11324522_834296929990565_498815589_n.jpg
joshualott, 914285_585871961503618_1462783949_n.jpg
joshualott, 10948985_971954886181540_1506990314_n.jpg
joshualott, 11379076_866408153428787_1496207202_n.jpg
joshualott, 10666012_768813149827121_1248373048_n.jpg
joshualott, 10890641_640324642757249_372296444_n.jpg
joshualott, 10549848_350786065115262_1113466879_n.jpg
joshualott, 11355021_957656234277187_1821894234_n.jpg
joshualott, 1739562_350945815112844_350143169_n.jpg
joshualott, 914681_1499849463570603_132168102_n.jpg
kendrickbrinson, 11184706_418993361558800_747917353_n.jpg
kendrickbrinson, 11232616_456723227837949_1887835754_n.jpg
kendrickbrinson, 11328283_931474953540731_1779903801_n.jpg
kendrickbrinson, 11024141_426712437509394_298832924_n.jpg
kendrickbrinson, 1391245_621453641248968_818133009_n.jpg
kendrickbrinson, 11856736_716829865089774_1782221601_n.jpg
kendrickbrinson, 11116746_1386568331670765_426809114_n.jpg
kendrickbrinson, 11201634_371134986408463_1287592853_n.jpg
kendrickbrinson, 11236198_462099843953522_1955453420_n.jpg
kendrickbrinson, 11324246_1403800003281074_2136830000_n.jpg
shanelavalette, 11377873_1438443343140761_1097075325_n.jpg
shanelavalette, 11378251_1450551261910732_1624948238_n.jpg
shanelavalette, 11334456_819615861448122_926376262_n.jpg
shanelavalette, 924818_458950610883812_1424042700_n.jpg
shanelavalette, 12132737_1015245651873337_2050582085_n.jpg
shanelavalette, 10598370_263732660486914_342957721_n.jpg
shanelavalette, 11330797_1757288944498508_101899139_n.jpg
shanelavalette, 11357627_1104876689528680_1527952635_n.jpg
shanelavalette, 10707180_771524306238795_861689161_n.jpg
shanelavalette, 928516_236020716587185_256635432_n.jpg
mattblack_blackmatt, 925900_417406098402590_1056508686_n.jpg
mattblack_blackmatt, 11881714_845291298857701_1755891523_n.jpg
mattblack_blackmatt, 11330805_481426805351827_800215918_n.jpg
mattblack_blackmatt, 10838778_1597613710462136_1837875704_n.jpg
mattblack_blackmatt, 10895485_1601331023429741_1084556237_n.jpg
mattblack_blackmatt, 11378731_1450997061880183_1245230834_n.jpg
mattblack_blackmatt, 12747570_952688071487222_1098649166_n.jpg
mattblack_blackmatt, 11348089_1466521470325034_1880970028_n.jpg
mattblack_blackmatt, 11313491_1635311293412038_704073377_n.jpg
mattblack_blackmatt, 11379757_1441878549465161_318405636_n.jpg
halno, 1168719_385830294891710_1863483482_n.jpg
halno, 11296720_370497723153279_1108815862_n.jpg
halno, 11049316_620751491389407_465154890_n.jpg
halno, 11205655_645346295596576_337846817_n.jpg
halno, 11269557_899002210163810_1900511797_n.jpg
halno, 11184719_1614131642206496_1401235913_n.jpg
halno, 11373640_657539027712169_833867256_n.jpg
halno, 1390011_647258855316417_426345591_n.jpg
halno, 12394037_915431611867970_1825584327_n.jpg
halno, 10838827_308797619319660_1316249711_n.jpg
aabbyylou, 10948671_317382298460759_616353088_n.jpg
aabbyylou, 926113_443876852410932_595418596_n.jpg
aabbyylou, 12783341_1006647442740259_486103853_n.jpg
aabbyylou, 10326403_546549318782577_1061541954_n.jpg
aabbyylou, 1889279_288350467956107_1954904246_n.jpg
aabbyylou, 1538459_370838366441010_1897387712_n.jpg
aabbyylou, 927894_1404501503153019_995749816_n.jpg
aabbyylou, 10560966_1514150935470935_2005532435_n.jpg
aabbyylou, 12317703_766308113497935_1164589718_n.jpg
aabbyylou, 11018554_1422600088032580_201070210_n.jpg
ryan_thayne, 10946697_348401745359609_468358983_n.jpg
ryan_thayne, 11849002_1628122714122707_271900427_n.jpg
ryan_thayne, 10349804_669408213097112_1581402719_n.jpg
ryan_thayne, 10724610_1552540644968601_1751982738_n.jpg
ryan_thayne, 10785082_1499053397024465_966093157_n.jpg
ryan_thayne, 11377584_1106661402695023_159283318_n.jpg
ryan_thayne, 924624_939777579374826_1085310880_n.jpg
ryan_thayne, 10693432_1552396848313458_759149393_n.jpg
ryan_thayne, 11906221_410508782488834_1276167336_n.jpg
ryan_thayne, 10011297_713399325349819_1074122125_n.jpg
wideeyedlegless, 10254282_253609701511473_375482642_n.jpg
wideeyedlegless, 11356449_116746145324846_1015055229_n.jpg
wideeyedlegless, 11357743_1586310194977836_341541040_n.jpg
wideeyedlegless, 11123676_675667519226462_1264359891_n.jpg
wideeyedlegless, 1515357_1432213677014557_1800034756_n.jpg
wideeyedlegless, 11232553_779641262154742_2083790529_n.jpg
wideeyedlegless, 10358410_1427539220846927_1939959360_n.jpg
wideeyedlegless, 12747720_230542730621782_200406286_n.jpg
wideeyedlegless, 10838642_1574053956146775_749406687_n.jpg
wideeyedlegless, 10246048_682504525139930_844771857_n.jpg
ninarobinsonnyc, 11251085_1590494497876173_893284992_n.jpg
ninarobinsonnyc, 11326420_384485961752646_958200417_n.jpg
ninarobinsonnyc, 11375795_1458132914492725_253639624_n.jpg
ninarobinsonnyc, 11311564_1609673929300981_1941514766_n.jpg
ninarobinsonnyc, 11274454_1052606221420388_1554922629_n.jpg
ninarobinsonnyc, 10611122_620383271411203_291370698_n.jpg
ninarobinsonnyc, 10914325_419063321591995_1189463990_n.jpg
ninarobinsonnyc, 10570058_1517356301827277_1835704122_n.jpg
ninarobinsonnyc, 1799756_682312241791556_618340259_n.jpg
ninarobinsonnyc, 10354418_878484802198896_1570167252_n.jpg
mrantooine, 11176448_1625724484378062_1329274470_n.jpg
mrantooine, 11190792_908158279243792_1578401836_n.jpg
mrantooine, 11142231_888867831169498_937938718_n.jpg
mrantooine, 11189208_1028101317218630_1780871956_n.jpg
mrantooine, 11254050_1428580087449225_2086680653_n.jpg
mrantooine, 11142102_1398436090296519_1279406964_n.jpg
mrantooine, 11246303_636823676449633_731996066_n.jpg
mrantooine, 11189689_460055767484846_555706029_n.jpg
mrantooine, 11191173_1431714293800520_1819747561_n.jpg
mrantooine, 11190767_1820862108139826_1454798421_n.jpg
othellonine, 11287932_660501370748812_645172012_n.jpg
othellonine, 11208564_943306572369786_178649171_n.jpg
othellonine, 10598264_1721774878060378_1282052658_n.jpg
othellonine, 11049417_905813132811791_714125273_n.jpg
othellonine, 11199530_987573164609398_2078758787_n.jpg
othellonine, 11195623_1408241989497367_268279941_n.jpg
othellonine, 10513985_533268783463271_1748386866_n.jpg
othellonine, 11202497_795960510511212_1852091748_n.jpg
othellonine, 11193016_813852612032069_456712569_n.jpg
othellonine, 10691879_713275142088772_968324824_n.jpg
kirstenalana, 1515826_675553495824392_697861814_n.jpg
kirstenalana, 923853_930416023655373_80199271_n.jpg
kirstenalana, 11191008_910294455694337_48887975_n.jpg
kirstenalana, 11123784_710875215688646_793658377_n.jpg
kirstenalana, 11378917_413256265528794_1157946980_n.jpg
kirstenalana, 11820695_1475096806132946_151453090_n.jpg
kirstenalana, 925135_187684681429241_2074744693_n.jpg
kirstenalana, 11084781_939933069372109_1291709055_n.jpg
kirstenalana, 11226824_1598778980364536_367490195_n.jpg
kirstenalana, 11283227_1588459174738369_987855187_n.jpg
kevinruss, 1169704_220142681499190_84464260_n.jpg
kevinruss, 11142739_1432413313739156_1413618501_n.jpg
kevinruss, 1209739_400599063401270_361127291_n.jpg
kevinruss, 12751600_911791135601405_1268894647_n.jpg
kevinruss, 10584565_564335090339861_783103352_n.jpg
kevinruss, 11241338_912578358799775_964233221_n.jpg
kevinruss, 914528_1434945993391826_2139472600_n.jpg
kevinruss, 11380140_573484486125758_10353967_n.jpg
kevinruss, 11208282_1460601000898743_82383071_n.jpg
kevinruss, 10597469_1516078931958627_789079946_n.jpg
hirozzzz, 11192625_1574727969454657_2048513693_n.jpg
hirozzzz, 11236257_1632902423622013_1776698063_n.jpg
hirozzzz, 11241410_673502079421078_556804982_n.jpg
hirozzzz, 916327_1434377100147772_201767740_n.jpg
hirozzzz, 11201769_1559073971023096_1508140345_n.jpg
hirozzzz, 11191271_366942693496925_743481602_n.jpg
hirozzzz, 11193148_701664986612107_2063469405_n.jpg
hirozzzz, 11235961_1604290599815324_676245225_n.jpg
hirozzzz, 11256322_807010839395165_2016985586_n.jpg
hirozzzz, 11190238_797898620264897_38675613_n.jpg
belebenard, 11203348_446376602204026_241325129_n.jpg
belebenard, 11205768_628118603999195_1686234866_n.jpg
belebenard, 12237076_1082241158467016_406794534_n.jpg
belebenard, 11330701_645739288894315_1938617018_n.jpg
belebenard, 11055555_611508905615623_700153212_n.jpg
belebenard, 10963972_869778473068842_2086641635_n.jpg
belebenard, 11049266_1616130965284290_1305483307_n.jpg
belebenard, 12135341_793358514122906_1302476586_n.jpg
belebenard, 11371990_893665710719743_2128307239_n.jpg
belebenard, 10809814_784245561668658_2045035695_n.jpg
dvl, 11875496_1521291178182858_764719897_n.jpg
dvl, 10251286_691869380870048_1833404411_n.jpg
dvl, 11357854_696620933777945_739773303_n.jpg
dvl, 11269605_383730558497495_517786822_n.jpg
dvl, 11123742_458477937640199_1536241323_n.jpg
dvl, 11142742_1438072133159580_497405204_n.jpg
dvl, 10802955_371741453008254_2047827032_n.jpg
dvl, 11327952_829516337130987_858749259_n.jpg
dvl, 11195793_424149234426491_917213869_n.jpg
dvl, 11248382_374776032710628_165211802_n.jpg
daveyoder, 11247848_674915765947386_509632498_n.jpg
daveyoder, 11373536_372415212955450_1476476777_n.jpg
daveyoder, 11236309_599243383546635_1734535519_n.jpg
daveyoder, 10547240_387863398079776_1943865242_n.jpg
daveyoder, 11240376_1436452160005213_1913245940_n.jpg
daveyoder, 11244633_1562734410656901_576569789_n.jpg
daveyoder, 11287840_1111874832162450_1688240639_n.jpg
daveyoder, 11348113_875123392559683_532287745_n.jpg
daveyoder, 10632454_292442084295233_2094723688_n.jpg
daveyoder, 11244043_1065215913502757_997282378_n.jpg
cassblackbird, 11356430_437211636459006_649090401_n.jpg
cassblackbird, 11378669_946886951999200_1739781610_n.jpg
cassblackbird, 11355783_1082492875111922_1864023178_n.jpg
cassblackbird, 12145035_161867380829102_885481_n.jpg
cassblackbird, 12353988_162861224079643_914189062_n.jpg
cassblackbird, 11372518_641332619301946_1000945242_n.jpg
cassblackbird, 11426248_1057844057559413_586597011_n.jpg
cassblackbird, 11374630_1637814646459236_1499856771_n.jpg
cassblackbird, 11355305_1579833515602856_1149556109_n.jpg
cassblackbird, 1538486_904104793002425_368335752_n.jpg
arni_coraldo, 929368_384595298350994_244894602_n.jpg
arni_coraldo, 11085117_552794718192828_725817606_n.jpg
arni_coraldo, 1922212_1575254079397623_1525745827_n.jpg
arni_coraldo, 11235977_504473259708494_106147768_n.jpg
arni_coraldo, 11357803_1647666222114048_728157980_n.jpg
arni_coraldo, 1799594_600461026690637_973080832_n.jpg
arni_coraldo, 11142875_1431561097139289_1485737401_n.jpg
arni_coraldo, 12142414_906207802796351_1983779082_n.jpg
arni_coraldo, 11242009_688054274655006_495857036_n.jpg
arni_coraldo, 11208573_372677576257058_1580538027_n.jpg
mattcrump, 11287914_1579063682420119_1756674871_n.jpg
mattcrump, 12784118_895886963863752_1797162904_n.jpg
mattcrump, 12826104_1689228498009417_847518188_n.jpg
mattcrump, 12071207_1555855138040608_591367596_n.jpg
mattcrump, 10832070_202150816825035_1298997335_n.jpg
mattcrump, 924864_1135131919855113_714634680_n.jpg
mattcrump, 11313454_1760426350846735_1833449957_n.jpg
mattcrump, 12797926_1752629871622550_587366720_n.jpg
mattcrump, 11243548_448080485387995_398887962_n.jpg
mattcrump, 12783352_1549103622050832_1924938383_n.jpg
