username, img_id
thetravellinglight, 11312481_1626835540894656_1130881682_n.jpg
thetravellinglight, ._11117140_1621580161389171_2097542983_n.jpg
thetravellinglight, ._10254144_635956689814695_629071471_n.jpg
thetravellinglight, ._10950323_696162590503712_562853877_n.jpg
thetravellinglight, ._12237327_411907369004288_1202948714_n.jpg
thetravellinglight, 1172149_1375384492742068_1838198058_n.jpg
thetravellinglight, ._11356884_1489154361399542_578704662_n.jpg
thetravellinglight, ._11005284_1610895519131418_459783141_n.jpg
thetravellinglight, ._11007881_351198651748320_418511967_n.jpg
thetravellinglight, ._12107444_972509852816290_1452996347_n.jpg
michaelchristopherbrown, 12547449_606214166196888_751032486_n.jpg
michaelchristopherbrown, 11248309_843626702341448_1651127440_n.jpg
michaelchristopherbrown, ._10358276_231148680427770_774163313_n.jpg
michaelchristopherbrown, 10601734_1521053341485867_287561550_n.jpg
michaelchristopherbrown, ._10895311_1529375960684950_93738173_n.jpg
michaelchristopherbrown, ._10903197_849868135079096_188675260_n.jpg
michaelchristopherbrown, ._11230491_653859938078912_1590437194_n.jpg
michaelchristopherbrown, ._10467972_1236735703009341_2142033884_n.jpg
michaelchristopherbrown, 1169758_630492436992201_199545585_n.jpg
michaelchristopherbrown, 11232679_1617601588477218_1294992872_n.jpg
vincentcroce, ._1390138_655301734490984_1073165523_n.jpg
vincentcroce, 11383297_634471143354533_1073227402_n.jpg
vincentcroce, ._11032973_968436403168075_996217593_n.jpg
vincentcroce, ._11256116_374299296107897_636500053_n.jpg
vincentcroce, ._11821931_1596455140596015_1303560073_n.jpg
vincentcroce, 11327218_1114832505200418_1569147733_n.jpg
vincentcroce, ._11280143_838303419577440_128441834_n.jpg
vincentcroce, ._1389829_669245359777476_1259429653_n.jpg
vincentcroce, 11939406_941212752600794_1948846433_n.jpg
vincentcroce, ._11379274_705741219549296_1628766347_n.jpg
japhetweeks, 1517068_303644239830027_740493073_n.jpg
japhetweeks, 11189532_1060208400675516_1069031528_n.jpg
japhetweeks, 11351051_1652199895002251_1366253243_n.jpg
japhetweeks, 11116755_1044662192229919_1460724561_n.jpg
japhetweeks, 11374631_1661638144072922_874143122_n.jpg
japhetweeks, ._10311157_781116515239762_1847351975_n.jpg
japhetweeks, ._10624231_558057384320888_2055645446_n.jpg
japhetweeks, 11123826_454578338040185_1438585893_n.jpg
japhetweeks, 11381783_583167475155268_2080565675_n.jpg
japhetweeks, ._11116772_414467072065662_784694287_n.jpg
sollsken, 10358335_638025819624318_1923714134_a.jpg
sollsken, ._10358335_638025819624318_1923714134_a.jpg
lebackpacker, 11250634_1645482505735664_984714516_n.jpg
lebackpacker, 10269011_662170953882928_205278934_n.jpg
lebackpacker, 11380114_1605000466450053_276232826_n.jpg
lebackpacker, ._11910146_856131601130271_1639123229_n.jpg
lebackpacker, 11381470_572256836249367_255270214_n.jpg
lebackpacker, ._11373867_923033221097881_1553475208_n.jpg
lebackpacker, 11356006_1634840583457899_1996480715_n.jpg
lebackpacker, 10725048_709314759180519_1970911703_n.jpg
lebackpacker, 11875603_427121457497097_1358266141_n.jpg
lebackpacker, ._11376653_1622881047952296_1860444978_n.jpg
finn, 11199600_478917615604822_655579316_n.jpg
finn, 1723436_1444224352551090_269692886_n.jpg
finn, 11372472_1453075245004736_1668115412_n.jpg
finn, 11379965_844085189006309_1632013773_n.jpg
finn, ._11348389_397266497146813_154447587_n.jpg
finn, ._11259766_914330705299805_366398830_n.jpg
finn, 11357481_1669393803289171_1443577914_n.jpg
finn, ._12751072_765868260212852_1556609614_n.jpg
finn, ._1516042_357822067694104_412422487_n.jpg
finn, ._928680_881478768542852_1550825904_n.jpg
rickyohead, 11190165_1439826699647249_1602128781_n.jpg
rickyohead, ._11111489_1604996983076224_84883076_n.jpg
rickyohead, 11137925_442781925898333_394772033_n.jpg
rickyohead, 11085132_630275493783422_1697419290_n.jpg
rickyohead, ._11265710_872248162837664_1882916960_n.jpg
rickyohead, 11380860_1603814116548045_279933421_n.jpg
rickyohead, 10608122_553272128106066_201464167_n.jpg
rickyohead, 11084886_843593475677290_259609834_n.jpg
rickyohead, ._11111383_1582126602050326_1752486859_n.jpg
rickyohead, ._11176541_960274667330720_2059444310_n.jpg
travelnoire, 11427455_1646535022226559_1547127479_n.jpg
travelnoire, 11374677_698047753651369_1938921047_n.jpg
travelnoire, 12728513_1572118633107939_1542995929_n.jpg
travelnoire, 10268831_810518785653130_1329076886_n.jpg
travelnoire, ._11925876_845238705592782_630814591_n.jpg
travelnoire, 12552302_1886575978235464_2070785051_n.jpg
travelnoire, ._11850091_1482054575441629_1245776814_n.jpg
travelnoire, ._11199524_983688504988463_274410753_n.jpg
travelnoire, ._11909251_1475351286103960_1800904986_n.jpg
travelnoire, 11007950_1451680878385973_390187288_n.jpg
eljackson, 11176221_869953603076890_1539716591_n.jpg
eljackson, ._11255691_833751899996088_1365866322_n.jpg
eljackson, ._914587_485785431533360_1366248965_n.jpg
eljackson, 916343_184047631789358_456533935_n.jpg
eljackson, ._11419158_484750365016016_515092653_n.jpg
eljackson, 11248982_1850460808512348_958686507_n.jpg
eljackson, 12716501_172388896469540_1833306098_n.jpg
eljackson, ._12552294_1012395232167530_1478970692_n.jpg
eljackson, 11250052_418770961635218_2128771392_n.jpg
eljackson, ._1169196_191614061024394_2119913922_n.jpg
everythingeverywhere, 10631972_1083287141688414_735088852_n.jpg
everythingeverywhere, 12269728_1635884880007759_1595608197_n.jpg
everythingeverywhere, 11821194_1492475737733830_96509210_n.jpg
everythingeverywhere, ._927432_313935472112139_192516453_n.jpg
everythingeverywhere, ._11199491_729647893848482_1944310277_n.jpg
everythingeverywhere, 12393584_1512133132417033_48861863_n.jpg
everythingeverywhere, 11275115_104835763184706_75992538_n.jpg
everythingeverywhere, 12545292_790459551054753_79117773_n.jpg
everythingeverywhere, 10732019_577160122411529_1961622681_n.jpg
everythingeverywhere, 10848355_747982758623814_678962747_n.jpg
stephbetravel, ._11098657_1459885760969722_588698819_n.jpg
stephbetravel, 10369443_730711610284859_1221154813_n.jpg
stephbetravel, ._11137780_1587333274876837_511588010_n.jpg
stephbetravel, 11191003_570155506421488_1643311322_n.jpg
stephbetravel, ._10838625_675410839243424_1076067631_n.jpg
stephbetravel, 10523511_327919940708213_745069431_n.jpg
stephbetravel, ._10546711_1527086547514519_1600628543_n.jpg
stephbetravel, ._11849872_506332899542155_744221092_n.jpg
stephbetravel, 1515763_1513882155591648_357841969_n.jpg
stephbetravel, ._11098539_422070931251467_1141572807_n.jpg
sserkan34, ._11950611_506467392838903_1504675117_n.jpg
sserkan34, ._11848916_773733496082941_1965869128_n.jpg
sserkan34, ._11247014_100643366940745_1864151788_n.jpg
sserkan34, 914431_519309881547241_946197006_n.jpg
sserkan34, ._12547679_1687791574825152_1081701001_n.jpg
sserkan34, ._11375287_1602467463350966_1603848369_n.jpg
sserkan34, 10848357_746194848802045_182102675_n.jpg
sserkan34, ._11427405_905210239521279_809619053_n.jpg
sserkan34, 12345716_928865470532845_2002060527_n.jpg
sserkan34, ._11352861_453703008144903_1312878806_n.jpg
theblondegypsy, 11254197_1444484702532643_1235251835_n.jpg
theblondegypsy, ._11326030_1744790729081835_396941409_n.jpg
theblondegypsy, 11265773_1472091393081894_1850554372_n.jpg
theblondegypsy, 11137625_1574367036150631_798123800_n.jpg
theblondegypsy, 11356512_1648369532049248_1938529244_n.jpg
theblondegypsy, ._11257903_831622333553478_1105411050_n.jpg
theblondegypsy, ._11189468_365878193601630_1166496828_n.jpg
theblondegypsy, ._11379347_650652295065422_1646711973_n.jpg
theblondegypsy, 10013133_1622006398014688_381102705_n.jpg
theblondegypsy, 11123676_651915308245608_2104464743_n.jpg
bkindler, ._10617188_529948107151463_405261124_n.jpg
bkindler, ._11093122_825743900841239_1640794322_n.jpg
bkindler, ._11117051_1574803976127919_1441802496_n.jpg
bkindler, 11084947_1553459481580675_1033032183_n.jpg
bkindler, 10914379_974946219196134_462778096_n.jpg
bkindler, ._11111292_820070051406419_1743051204_n.jpg
bkindler, 915560_1436561403263396_1404439619_n.jpg
bkindler, ._11094482_726145637505665_1535451955_n.jpg
bkindler, ._11123890_1436018023377656_1311738072_n.jpg
bkindler, ._12346270_761942990603915_2104365779_n.jpg
hermioneolivia, 10848068_742292979186210_1981766063_n.jpg
hermioneolivia, ._12552313_1048500361873862_638087432_n.jpg
hermioneolivia, ._11189259_1623134644568917_1496608549_n.jpg
hermioneolivia, 12070609_144660285891664_1114427628_n.jpg
hermioneolivia, ._11326353_791498597566133_1004486884_n.jpg
hermioneolivia, ._11372354_543773839109741_1310627804_n.jpg
hermioneolivia, 11252145_833205410101194_2140150804_n.jpg
hermioneolivia, 12446162_199117510441640_961880670_n.jpg
hermioneolivia, 12797859_444657109072877_1650461041_n.jpg
hermioneolivia, ._12357574_466443036873589_811716181_n.jpg
chrisburkard, 1516432_638832576173998_17195346_n.jpg
chrisburkard, ._12677303_1718725908414128_2090571138_n.jpg
chrisburkard, 11939572_1488913968088867_1976836764_n.jpg
chrisburkard, ._1390060_1601570856768442_1538527942_n.jpg
chrisburkard, 1661231_1445781765663578_1361202329_n.jpg
chrisburkard, 10624212_306534842887294_1556189338_n.jpg
chrisburkard, ._10005711_281418258698058_422943794_n.jpg
chrisburkard, 10584816_352893024859175_1354723638_n.jpg
chrisburkard, 12750201_1019681331438293_1258002260_n.jpg
chrisburkard, ._12331688_467432426775509_673695995_n.jpg
maurice, ._10296759_740554289322929_1996591524_n.jpg
maurice, 11184555_1434592563502889_728646672_n.jpg
maurice, 11176616_1620965248117729_5206016_n.jpg
maurice, ._11328424_1103036779713017_111860241_n.jpg
maurice, 11875476_916570065092212_1598219036_n.jpg
maurice, ._10616952_840506586067858_528262723_n.jpg
maurice, ._11372089_1622110701388240_518268169_n.jpg
maurice, 11203350_451974678304161_1227695696_n.jpg
maurice, 11093037_883039655092750_1695145062_n.jpg
maurice, ._11189653_1590771094473190_2133156539_n.jpg
uncornered_market, ._11199501_425742560936510_1388392112_n.jpg
uncornered_market, ._11191617_1596358457289040_1790168113_n.jpg
uncornered_market, 11189456_104116803253376_1983654989_n.jpg
uncornered_market, ._929319_1540932102893870_1840830036_n.jpg
uncornered_market, 1168556_444638092315243_793866514_n.jpg
uncornered_market, ._11202487_670612366417802_1359763948_n.jpg
uncornered_market, ._11189997_1622129264689110_167049090_n.jpg
uncornered_market, ._11247652_860581307311555_1004135630_n.jpg
uncornered_market, 10810037_588461084592133_705158421_n.jpg
uncornered_market, 11236025_1577683082498335_1176478792_n.jpg
alexstrohl, ._11123682_680390035399520_300074769_n.jpg
alexstrohl, 11190294_1624473374452561_1918915384_n.jpg
alexstrohl, ._11191056_1393893440935830_2107153323_n.jpg
alexstrohl, 11422013_841111409275780_349333609_n.jpg
alexstrohl, 10727595_655339091276986_298850318_n.jpg
alexstrohl, 11184500_712878958834113_1505689586_n.jpg
alexstrohl, 11265734_102061583476471_1295694677_n.jpg
alexstrohl, 924591_1442194382757588_709064811_n.jpg
alexstrohl, ._11324223_1090381490975584_2085981786_n.jpg
alexstrohl, 11335058_849288551818335_2134679318_n.jpg
colerise, ._11193093_911045152250110_676737510_n.jpg
colerise, 11311224_744719022305858_966547798_n.jpg
colerise, 914698_1459102090998058_551300737_n.jpg
colerise, ._11137807_466831110152537_1413706126_n.jpg
colerise, 924440_1671296993098634_1087369979_n.jpg
colerise, 11189219_1596239297320339_688284075_n.jpg
colerise, ._11142206_684238698346843_1459329827_n.jpg
colerise, 11351963_1491942884361510_2109664329_n.jpg
colerise, ._1538497_566820633411746_281216993_n.jpg
colerise, ._11334539_1571559263097064_2106522829_n.jpg
bemytravelmuse, ._11247117_1396800613979102_611421100_n.jpg
bemytravelmuse, 10844237_533124783491195_21342696_n.jpg
bemytravelmuse, 11356536_875522625860217_801323734_n.jpg
bemytravelmuse, 10756032_1481296862139034_176461813_n.jpg
bemytravelmuse, 12523572_1685804884991222_814901546_n.jpg
bemytravelmuse, ._11049292_799511526804587_966997067_n.jpg
bemytravelmuse, 11281952_835943596485838_537754085_n.jpg
bemytravelmuse, 10616895_1674104939489798_191069927_n.jpg
bemytravelmuse, 11085212_1395125187473767_893216999_n.jpg
bemytravelmuse, 1530727_1576906859194272_805498808_n.jpg
ravenreviews, ._10246089_453977214735472_1747346485_n.jpg
ravenreviews, ._928619_807735602584217_1954615634_n.jpg
ravenreviews, ._11244422_665740040226393_1464807494_n.jpg
ravenreviews, ._11240765_1609032289342704_1896886573_n.jpg
ravenreviews, ._11199468_428460670666431_1614752157_n.jpg
ravenreviews, 926643_169993876545282_1941818966_n.jpg
ravenreviews, ._11192769_1433499133633312_1942726246_n.jpg
ravenreviews, ._11380026_1442834619367549_1897856701_n.jpg
ravenreviews, ._1516273_475879979196337_342460114_n.jpg
ravenreviews, 1170064_1440852922802647_1320485036_n.jpg
tiffpenguin, ._11032991_1399215493725068_1353376964_n.jpg
tiffpenguin, ._11137940_1045589142122562_2028981381_n.jpg
tiffpenguin, 924046_915828591844528_1011084205_n.jpg
tiffpenguin, 10919186_1402043440095661_186699890_n.jpg
tiffpenguin, ._11242894_1561384817455672_2126519002_n.jpg
tiffpenguin, ._11230548_1451067871858803_1472914038_n.jpg
tiffpenguin, ._10349826_1442505576016423_226191670_n.jpg
tiffpenguin, 10809856_838371956183489_865174948_n.jpg
tiffpenguin, 10802428_803548969683133_1353565364_n.jpg
tiffpenguin, 1209574_746265798840542_1325561949_n.jpg
urbanpixxels, ._11055867_455948091228320_966653245_n.jpg
urbanpixxels, 11371173_982319888476524_1266057275_n.jpg
urbanpixxels, ._10843735_468063910002744_1332013938_n.jpg
urbanpixxels, ._11311553_105940713092884_914072883_n.jpg
urbanpixxels, 10518139_501425149987558_2075721090_n.jpg
urbanpixxels, 1516796_628744700507193_776789444_n.jpg
urbanpixxels, ._10499087_1551893271734616_1553112904_n.jpg
urbanpixxels, 1597388_875483105876174_562609264_n.jpg
urbanpixxels, 10413062_319541044866617_1603245763_n.jpg
urbanpixxels, ._10254112_462564477207248_564035994_n.jpg
kattanita, ._10802665_378538448968726_860788537_n.jpg
kattanita, ._12071079_620158858087752_561683312_n.jpg
kattanita, 11137773_386225008246666_1125571273_n.jpg
kattanita, ._11849385_933545203401074_921324138_n.jpg
kattanita, 10963998_836740319723802_126635684_n.jpg
kattanita, 11258231_795337033945949_450319501_n.jpg
kattanita, 12750073_1548237068807826_1683465212_n.jpg
kattanita, ._1741282_116678742006342_1710425305_n.jpg
kattanita, 10986322_406532276183141_2115019775_n.jpg
kattanita, ._11032770_1096087280418423_1330113818_n.jpg
roundtheworldgirl, ._11881613_1637882079830403_2028381586_n.jpg
roundtheworldgirl, ._11417340_1646907528866405_796042756_n.jpg
roundtheworldgirl, 928611_517449535054989_1487148837_n.jpg
roundtheworldgirl, ._10747939_358007674375861_1611590514_n.jpg
roundtheworldgirl, 1527781_682713608436637_91764069_n.jpg
roundtheworldgirl, ._10693679_1545842725676756_1059873311_n.jpg
roundtheworldgirl, 10616755_314585481999305_598923935_n.jpg
roundtheworldgirl, ._11311907_855636994515490_202896363_n.jpg
roundtheworldgirl, 12599054_1525985594398545_913761908_n.jpg
roundtheworldgirl, 11190761_401590906668167_392216388_n.jpg
expertvagabond, ._1516130_540050139425584_1121461025_n.jpg
expertvagabond, 11190275_558923044247459_1400389664_n.jpg
expertvagabond, 11247921_1597456873868882_1884400903_n.jpg
expertvagabond, 11380749_115266102139309_1435459681_n.jpg
expertvagabond, 10895090_792459217533243_1004089926_n.jpg
expertvagabond, ._914367_1404658906488337_1731948385_n.jpg
expertvagabond, ._11374795_123723574629718_1523738216_n.jpg
expertvagabond, ._11123921_739982869451819_1525951559_n.jpg
expertvagabond, ._11856817_1472750956353178_882734681_n.jpg
expertvagabond, ._10948628_1534111133506023_859794953_n.jpg
lonelyplanet, ._10948262_414276118735838_1018418786_n.jpg
lonelyplanet, ._11357007_1459127637714574_81122642_n.jpg
lonelyplanet, ._11018463_864657253573623_863006914_n.jpg
lonelyplanet, 12237059_1045811312137222_1919118691_n.jpg
lonelyplanet, ._12750246_509098859274572_1633204241_n.jpg
lonelyplanet, ._12362236_978923302173484_34514129_n.jpg
lonelyplanet, ._891240_767790413237361_1808855580_n.jpg
lonelyplanet, 10725058_1478376205772525_280775775_n.jpg
lonelyplanet, 12093635_894432740646407_504977060_n.jpg
lonelyplanet, 11208464_965027970214702_671439047_n.jpg
adventurouskate, 1389917_1671485056400846_1114912954_n.jpg
adventurouskate, ._11242875_444251385740269_706649726_n.jpg
adventurouskate, ._11386429_1610542595868092_213302030_n.jpg
adventurouskate, 927716_279586055559296_866289331_n.jpg
adventurouskate, 10608062_778710098859366_1356706343_n.jpg
adventurouskate, 10597297_1473196886265453_466307645_n.jpg
adventurouskate, 11023224_1557920744458229_2014523368_n.jpg
adventurouskate, ._10431949_304646929716975_216734044_n.jpg
adventurouskate, 10542765_1429190087409222_41242910_n.jpg
adventurouskate, ._10326614_475707702532917_1800196071_n.jpg
somekindofwanderlust, 1170226_1436982506523409_1579535232_n.jpg
somekindofwanderlust, 10643887_275812699295194_1074637779_n.jpg
somekindofwanderlust, 11325878_697794616993966_249846942_n.jpg
somekindofwanderlust, ._11226624_1387877581541563_1654925746_n.jpg
somekindofwanderlust, ._10518055_649893075092203_850366275_n.jpg
somekindofwanderlust, ._11313411_482499011907698_1494287_n.jpg
somekindofwanderlust, ._11287979_922261077815128_2114755787_n.jpg
somekindofwanderlust, 11313773_1593824734189019_1255533438_n.jpg
somekindofwanderlust, 10467728_474024636065341_115486908_n.jpg
somekindofwanderlust, 11176618_1594558287491189_121188063_n.jpg
aladyinlondon, ._11430200_1587891151482444_1475494774_n.jpg
aladyinlondon, ._11296674_633749716760793_1249480219_n.jpg
aladyinlondon, ._12534373_426895727502552_1048053371_n.jpg
aladyinlondon, ._10707211_771424782915872_1992347151_n.jpg
aladyinlondon, 11049437_1565707867031442_1485079490_n.jpg
aladyinlondon, 11203507_829912743761360_963351158_n.jpg
aladyinlondon, ._11355294_880209465365963_574860686_n.jpg
aladyinlondon, ._11241857_395393530648285_1390737043_n.jpg
aladyinlondon, 11249951_1585698215044536_859996356_n.jpg
aladyinlondon, ._11381365_1585944785019528_539202969_n.jpg
danielkordan, ._1172142_1401613640078849_1234929277_n.jpg
danielkordan, 10549833_1450537308596406_1428718623_n.jpg
danielkordan, ._12277455_954897794581674_908805439_n.jpg
danielkordan, 1597272_200056596857237_387202213_n.jpg
danielkordan, ._12145258_1637180069881661_1345222426_n.jpg
danielkordan, ._11377863_129044587429235_1807303068_n.jpg
danielkordan, 11372363_1509570152669708_1697439644_n.jpg
danielkordan, ._12747668_1665703490350416_400088592_n.jpg
danielkordan, 1527515_582018145211442_538988768_n.jpg
danielkordan, ._1527515_582018145211442_538988768_n.jpg
breakingnews, ._11208474_1563651407233438_603750285_n.jpg
breakingnews, 11333306_1101195183240497_516296707_n.jpg
breakingnews, ._11380293_1596177957323280_1207946639_n.jpg
breakingnews, 12749963_1564135407234895_917994943_n.jpg
breakingnews, 11191424_871004616289768_1856185514_n.jpg
breakingnews, 11176011_1573559562901731_2081102229_n.jpg
breakingnews, 11280311_1569474039983387_2139390000_n.jpg
breakingnews, ._11142342_395619173958084_1356281062_n.jpg
breakingnews, 11116688_398114707039255_315996107_n.jpg
breakingnews, ._11333306_1101195183240497_516296707_n.jpg
brenton_clarke, ._11116641_890301270993314_1167719677_n.jpg
brenton_clarke, ._11189816_671918932840337_2038186933_n.jpg
brenton_clarke, ._10958758_1537838526476278_1871346424_n.jpg
brenton_clarke, ._10903174_1621291988098551_227956208_n.jpg
brenton_clarke, ._11377542_897526653641740_2137221135_n.jpg
brenton_clarke, ._11191046_986626771348419_122590170_n.jpg
brenton_clarke, 11296780_459082067595099_1442024654_n.jpg
brenton_clarke, 12106120_399795180217455_749731466_n.jpg
brenton_clarke, ._11190798_455733891257452_1615960452_n.jpg
brenton_clarke, ._12224643_1390185977955493_1397888236_n.jpg
passionpassport, ._11259521_1498808663748793_2003990846_n.jpg
passionpassport, ._12256832_1676324585985066_185642615_n.jpg
passionpassport, 10467954_975958392457595_1022620922_n.jpg
passionpassport, 12383619_1744556225777134_161644910_n.jpg
passionpassport, ._1516408_769712576507405_1836024205_n.jpg
passionpassport, 12628012_1686753538262844_775608139_n.jpg
passionpassport, ._12797945_839736512805151_1517846512_n.jpg
passionpassport, ._12063089_752715521501616_1749297853_n.jpg
passionpassport, 12677292_746476645452316_1328323518_n.jpg
passionpassport, ._12328229_469625519899392_1137112488_n.jpg
gess8, 1168682_1377796572479744_773752025_n.jpg
gess8, ._11385637_1593293804258880_501469199_n.jpg
gess8, ._11243851_562742247198752_572400561_n.jpg
gess8, 1516812_519034174870840_1365233389_n.jpg
gess8, ._11909409_1630618263882494_1310717302_n.jpg
gess8, 10299720_489449844517356_793249059_n.jpg
gess8, ._10561125_1527542354131935_613151013_n.jpg
gess8, 11311463_1592040211070462_243782807_n.jpg
gess8, 1530757_1377296005857171_101495525_n.jpg
gess8, 11247117_1430138877291548_1429826190_n.jpg
arcteryx, ._11243951_570202473082139_876738516_n.jpg
arcteryx, 12353255_1654583038132899_329897457_n.jpg
arcteryx, 11226783_691623200963161_518539018_n.jpg
arcteryx, ._10369557_1481681752049362_540382231_n.jpg
arcteryx, ._11910128_799233960197874_1461851588_n.jpg
arcteryx, ._11379749_358262557706506_223083390_n.jpg
arcteryx, 11333633_855814777824533_221444162_n.jpg
arcteryx, 11226746_476691542478211_834443269_n.jpg
arcteryx, 12145072_904508656263376_1599498181_n.jpg
arcteryx, 11189485_1383046958691706_1950528112_n.jpg
nirl, 11184611_1672230906338257_134528770_n.jpg
nirl, 11137887_288114964645751_737912143_n.jpg
nirl, 11142123_680877705351905_835515801_n.jpg
nirl, 11427379_415232101996104_612072692_n.jpg
nirl, ._11199586_815098138578463_1782913615_n.jpg
nirl, 11184519_441095426071892_136808617_n.jpg
nirl, ._11143037_947510778634484_955538254_n.jpg
nirl, 11176153_961208317242946_201519_n.jpg
nirl, ._11111442_1462036270754926_1591278397_n.jpg
nirl, ._11184711_821772664537215_365822518_n.jpg
alice_tate, ._10655110_781028661963235_222655271_n.jpg
alice_tate, 11909937_1645726379019328_761730172_n.jpg
alice_tate, 10914167_1563912557159401_739209832_n.jpg
alice_tate, ._10598422_314773832029091_1770527928_n.jpg
alice_tate, ._12328334_155969974765046_2083717208_n.jpg
alice_tate, ._10955305_477321069086645_351544013_n.jpg
alice_tate, 11142830_1625620317661778_1087808484_n.jpg
alice_tate, ._12555839_1538548506443358_313335695_n.jpg
alice_tate, 12393889_1488204634821955_1778992344_n.jpg
alice_tate, 12276872_157108091311372_694906341_n.jpg
simonebirch, 12797820_540721556105667_154752084_n.jpg
simonebirch, ._11887092_1645103045731713_1979822394_n.jpg
simonebirch, ._12798084_1780870995474445_1564301560_n.jpg
simonebirch, ._11821812_1682231868677747_2063024952_n.jpg
simonebirch, 11372507_866019106769136_1820099879_n.jpg
simonebirch, ._11008210_404155243078681_384683197_n.jpg
simonebirch, ._10948626_338477859676065_1910881900_n.jpg
simonebirch, 12394218_949336005160918_786805430_n.jpg
simonebirch, 12224050_1799093190317633_1942138067_n.jpg
simonebirch, 12105100_148339515516887_38420908_n.jpg
ryan.abernathy, 11875274_1084242234927123_400008186_n.jpg
ryan.abernathy, 1389627_197409643779731_392237770_n.jpg
ryan.abernathy, ._11084879_1600722390171882_1267160722_n.jpg
ryan.abernathy, 11357717_1629396647318766_806448049_n.jpg
ryan.abernathy, 11849884_1159809144047153_1161029187_n.jpg
ryan.abernathy, 891399_484655291665603_719365578_n.jpg
ryan.abernathy, 11263391_460517517455625_1828394469_n.jpg
ryan.abernathy, 11311984_449667458544622_1773915337_n.jpg
ryan.abernathy, ._10706755_990959777587224_1753373394_n.jpg
ryan.abernathy, ._10724075_367369190088363_931936339_n.jpg
treyratcliff, ._1169722_1949092795316851_1890730655_n.jpg
treyratcliff, ._12568713_1111103972247379_2029036094_n.jpg
treyratcliff, 10735288_834870186535319_747062661_n.jpg
treyratcliff, 11176109_968989863151359_1336121362_n.jpg
treyratcliff, ._12825788_229041470776057_1993656370_n.jpg
treyratcliff, ._1169134_1292868490729868_212289181_n.jpg
treyratcliff, 10431992_576328229154886_77612896_n.jpg
treyratcliff, 11327351_1646552215565227_481868942_n.jpg
treyratcliff, ._12394004_195134194160732_1740935925_n.jpg
treyratcliff, ._10919164_1656957927865255_321509307_n.jpg
budgettraveller, ._11232887_591816167587693_471448074_n.jpg
budgettraveller, ._1170220_497436750364452_201409538_n.jpg
budgettraveller, ._11326051_464088637088964_1249289671_n.jpg
budgettraveller, ._11142923_821043824615723_1626821610_n.jpg
budgettraveller, ._11195813_440753066086378_205640274_n.jpg
budgettraveller, 11184647_700804333365194_73961373_n.jpg
budgettraveller, 10661120_1449959048626420_1742323864_n.jpg
budgettraveller, 11312439_378533052345940_138916415_n.jpg
budgettraveller, 11192930_806623789419976_173376399_n.jpg
budgettraveller, ._11189394_430121013825498_152984998_n.jpg
muradosmann, 11325868_533506320122229_368676190_n.jpg
muradosmann, ._11191106_1571794543085296_349568005_n.jpg
muradosmann, 11098649_695070497282328_20836616_n.jpg
muradosmann, ._11137826_872983029430121_1043915015_n.jpg
muradosmann, ._11379847_986192038066383_1838465152_n.jpg
muradosmann, ._11333623_810745172354427_1200549389_n.jpg
muradosmann, ._11189732_442706755886420_677369125_n.jpg
muradosmann, 10601748_1477663612473746_357404935_n.jpg
muradosmann, ._11190215_450443971798086_1720143497_n.jpg
muradosmann, ._11256223_1614435752101750_801479988_n.jpg
theblondeabroad, 11358274_784657284981195_1585243261_n.jpg
theblondeabroad, 10454204_550172915093702_1627161953_n.jpg
theblondeabroad, ._927799_251008241721159_829103913_n.jpg
theblondeabroad, 11190749_678617085577710_220898584_n.jpg
theblondeabroad, ._11201573_994751550537410_725634426_n.jpg
theblondeabroad, 11848904_1649028812006424_1347592127_n.jpg
theblondeabroad, ._1688958_598921320162890_1682392612_n.jpg
theblondeabroad, 11324510_914185538639567_76580702_n.jpg
theblondeabroad, 11190260_837661012989987_315562917_n.jpg
theblondeabroad, 1388982_494637427301742_1906544340_n.jpg
theplanetd, ._10865167_313447178866313_1491119394_n.jpg
theplanetd, 10727663_612095762232722_186656635_n.jpg
theplanetd, ._11242656_999012486783565_569561702_n.jpg
theplanetd, 11355142_810621952366661_373992302_n.jpg
theplanetd, 10832262_1575399626011395_151482567_n.jpg
theplanetd, ._10518124_1765238570369638_2057114840_n.jpg
theplanetd, 11856573_735518323242119_446412128_n.jpg
theplanetd, 11226694_857784234298218_460372744_n.jpg
theplanetd, ._11274356_107326899604303_1562076217_n.jpg
theplanetd, 11176105_1616212865285980_1396429118_n.jpg
worldwanderlust, ._10683934_377652029052228_1509267813_n.jpg
worldwanderlust, ._923663_1690749497876016_1811586923_n.jpg
worldwanderlust, ._11093128_1568573533393425_154142017_n.jpg
worldwanderlust, ._10413937_1510980649122957_1845638905_n.jpg
worldwanderlust, ._11189470_979309305413117_310085055_n.jpg
worldwanderlust, ._1742244_217169751827344_591450873_n.jpg
worldwanderlust, 1168749_319060618245086_1664646294_n.jpg
worldwanderlust, ._1172443_1651094538483253_1744226548_n.jpg
worldwanderlust, 914353_252801058237507_1414999432_n.jpg
worldwanderlust, 10387820_1503401366538251_401118017_n.jpg
laurenepbath, 11250659_1646330552253859_1829954276_n.jpg
laurenepbath, ._11377624_392792104256296_275554548_n.jpg
laurenepbath, 11357826_487368251427430_1637150757_n.jpg
laurenepbath, 10914119_1703982953156538_1471235579_n.jpg
laurenepbath, ._11326050_1613194928926478_890183822_n.jpg
laurenepbath, ._11254670_1597925860460575_703622857_n.jpg
laurenepbath, 10932387_1627194147497146_888891659_n.jpg
laurenepbath, 10899377_349640918554547_2145976974_n.jpg
laurenepbath, ._11186835_1577459255867916_1803930766_n.jpg
laurenepbath, 11326002_403810606491086_1837221774_n.jpg
ovunno, ._11236139_767358790046970_1184877494_n.jpg
ovunno, 11245647_923806687640853_1951923855_n.jpg
ovunno, ._11376496_1600422530215085_2076319298_n.jpg
ovunno, ._11203382_713220075454368_1804562638_n.jpg
ovunno, 11244496_908192202585687_1114643595_n.jpg
ovunno, 1971612_229807140536518_1225217706_n.jpg
ovunno, 11269560_1601097703482401_1855719278_n.jpg
ovunno, 11244834_1439677286328204_929126143_n.jpg
ovunno, 12728458_1704058359870840_61407906_n.jpg
ovunno, 11357620_445127085664033_249644293_n.jpg
payphones, 11193136_1426730304310662_1900343870_n.jpg
payphones, ._10729217_1754436824782892_1283827086_n.jpg
payphones, ._11203205_1648605492043187_476542808_n.jpg
payphones, ._11230491_426785387495024_957826368_n.jpg
payphones, 11184654_1575910879340763_798508167_n.jpg
payphones, 11111326_1621320134769928_408874553_n.jpg
payphones, ._11189994_1440654982913550_1560566220_n.jpg
payphones, ._11208622_1567272570201487_952679832_n.jpg
payphones, 11187022_840866639331486_1037400720_n.jpg
payphones, 11352703_1638402166417465_1497770872_n.jpg
coryrichards, 928277_502197219908486_596947964_n.jpg
coryrichards, 11189241_582774988531211_1190834378_n.jpg
coryrichards, 11325247_1606099423006633_944134324_n.jpg
coryrichards, ._11248278_1432956167027764_232095375_n.jpg
coryrichards, ._10369425_1513248588896581_801168740_n.jpg
coryrichards, ._11421960_1777780665781575_1393673337_n.jpg
coryrichards, ._11242884_612888065514811_1853526022_n.jpg
coryrichards, 10369370_1374422132847639_568087164_n.jpg
coryrichards, ._11137932_819138241514156_765045653_n.jpg
coryrichards, ._10268737_564731673625401_405472402_n.jpg
vagfrag, 11283248_1661478707405046_685711105_n.jpg
vagfrag, 10691870_768297953228207_813393867_n.jpg
vagfrag, ._11226778_442773509232437_746337051_n.jpg
vagfrag, ._11385560_1463856067271047_38742732_n.jpg
vagfrag, ._10919389_501324743339119_897301732_n.jpg
vagfrag, 10852890_515386168564860_1389244231_n.jpg
vagfrag, 10755850_779903482074291_1555558501_n.jpg
vagfrag, 10467887_487214214742456_606656641_n.jpg
vagfrag, 11421846_1582932931973341_880410212_n.jpg
vagfrag, 12677730_1032485920151797_226523398_n.jpg
lepostcard, ._11875478_427011830818765_1733147348_n.jpg
lepostcard, ._11142772_332546806956137_1177316738_n.jpg
lepostcard, 11385200_987435181290166_724599334_n.jpg
lepostcard, 11875478_427011830818765_1733147348_n.jpg
lepostcard, 12105079_467882540066573_851965065_n.jpg
lepostcard, 11326114_728734553898449_2077708530_n.jpg
lepostcard, ._10979649_1618962674990901_1218866968_n.jpg
lepostcard, 11356906_1617876698493563_2005570967_n.jpg
lepostcard, 11333524_1586142541655928_791921914_n.jpg
lepostcard, 12353917_1713011245609957_797301654_n.jpg
parisinfourmonths, 1661890_1006088389456208_527260016_n.jpg
parisinfourmonths, ._11230363_418839518303960_1861279011_n.jpg
parisinfourmonths, ._12545404_1722768367955990_2092220063_n.jpg
parisinfourmonths, 11312365_383819198478360_2041151468_n.jpg
parisinfourmonths, ._10724085_1486812874921182_1220993778_n.jpg
parisinfourmonths, 12345962_735585666576541_1795850452_n.jpg
parisinfourmonths, ._10616755_1463888743860939_2074127762_n.jpg
parisinfourmonths, 11386451_461746917318321_1260186748_n.jpg
parisinfourmonths, 11378596_939866609407300_2139126052_n.jpg
parisinfourmonths, 12479523_1554991464817983_1019465463_n.jpg
youngadventuress, ._929373_332908136849617_677380621_n.jpg
youngadventuress, ._11282633_396403683884689_167290298_n.jpg
youngadventuress, ._11272377_1551117415137350_432582910_n.jpg
youngadventuress, ._11203462_1578549249079942_2139670961_n.jpg
youngadventuress, 11205703_1619254904955089_1344681247_n.jpg
youngadventuress, 11311049_846164205467461_214077066_n.jpg
youngadventuress, ._1662520_223494174504426_779613923_n.jpg
youngadventuress, ._1889400_1479165225727781_711733636_n.jpg
youngadventuress, ._1515954_566691323412174_1108192534_n.jpg
youngadventuress, ._924521_560452767374316_1313436929_n.jpg
fosterhunting, ._10362235_330567530427844_153756338_n.jpg
fosterhunting, ._926563_879713128724948_630960675_n.jpg
fosterhunting, ._10844080_360768287428293_1477120801_n.jpg
fosterhunting, ._10735481_321307434708042_918319802_n.jpg
fosterhunting, 11084890_1429522347363435_571009797_n.jpg
fosterhunting, 10860137_332382206946880_603967689_n.jpg
fosterhunting, 11192831_1449108578715278_1095935338_n.jpg
fosterhunting, ._11078556_377604282442195_1008662447_n.jpg
fosterhunting, ._11265867_695255850596640_2128395679_n.jpg
fosterhunting, ._11176476_1576157869339695_1128751226_n.jpg
